Year,Month,Day,Numbers
1987,August,29,3,7,8,11,12,23
1987,August,22,2,4,10,11,29,35
1987,August,15,5,11,18,22,26,39
1987,August,8,3,9,13,20,36,39
1987,August,1,4,8,16,29,32,40
1987,September,26,2,4,9,15,27,32
1987,September,19,8,13,17,26,37,38
1987,September,12,1,5,14,23,28,34
1987,September,5,1,12,17,20,31,39
1987,October,31,20,23,26,28,30,39
1987,October,24,37,5,27,3,30,15
1987,October,17,6,9,18,21,31,37
1987,October,10,11,12,15,20,36,39
1987,October,3,4,11,18,19,20,28
1987,November,28,1,15,18,28,33,34
1987,November,21,6,17,18,27,30,39
1987,November,14,7,20,31,35,36,37
1987,November,7,17,18,23,29,32,37
1987,December,26,9,18,25,29,38,39
1987,December,19,38,5,17,37,15,20
1987,December,12,5,8,9,18,29,32
1987,December,5,7,10,24,32,34,40
1988,January,30,3,5,7,14,28,29
1988,January,23,7,15,24,27,38,39
1988,January,16,5,8,12,16,29,34
1988,January,9,9,12,22,31,34,35
1988,January,2,13,17,26,27,38,40
1988,February,27,5,10,11,14,17,34
1988,February,20,6,15,35,37,39,40
1988,February,13,21,22,24,25,31,32
1988,February,6,3,10,13,15,23,33
1988,March,26,1,8,20,27,30,39
1988,March,19,2,7,12,18,20,40
1988,March,12,3,7,14,19,24,39
1988,March,5,16,20,24,30,32,33
1988,April,30,2,3,20,24,27,30
1988,April,23,7,11,17,19,36,37
1988,April,16,8,13,14,29,38,39
1988,April,9,2,6,8,21,23,39
1988,April,2,5,11,22,27,31,34
1988,May,28,4,7,9,12,31,33
1988,May,21,9,14,17,28,36,37
1988,May,14,8,14,24,29,31,40
1988,May,7,2,3,11,12,25,34
1988,June,25,14,21,29,30,37,38
1988,June,18,20,21,22,23,32,34
1988,June,11,6,9,10,11,14,34
1988,June,4,2,8,13,24,30,31
1988,July,30,18,21,22,25,32,34
1988,July,23,4,8,24,30,33,35
1988,July,16,11,19,24,27,35,36
1988,July,9,13,15,24,28,33,37
1988,July,2,4,9,13,22,25,29
1988,August,27,7,13,16,18,22,37
1988,August,20,5,6,9,12,27,29
1988,August,13,11,16,20,23,31,38
1988,August,6,1,16,22,29,39,40
1988,September,24,1,2,8,12,21,36
1988,September,17,5,8,23,32,34,36
1988,September,10,5,9,10,12,36,40
1988,September,3,3,11,12,23,29,37
1988,October,29,17,19,22,26,38,40
1988,October,22,6,9,16,30,32,38
1988,October,15,1,22,25,27,37,39
1988,October,8,19,22,27,30,34,39
1988,October,1,2,3,18,20,23,28
1988,November,26,7,21,23,29,30,32
1988,November,19,10,14,17,25,36,38
1988,November,12,6,9,12,31,38,39
1988,November,5,9,13,19,27,29,36
1988,December,31,1,6,9,15,17,28
1988,December,24,1,12,34,35,37,39
1988,December,17,5,6,15,16,20,34
1988,December,10,17,20,21,22,39,40
1988,December,3,2,3,25,30,35,40
1989,January,28,10,17,19,21,26,35
1989,January,21,18,22,25,31,35,37
1989,January,14,4,13,16,18,20,28
1989,January,7,5,10,21,26,27,36
1989,February,25,7,10,17,27,33,37
1989,February,18,3,4,8,10,23,38
1989,February,11,1,2,3,29,30,38
1989,February,4,5,8,21,23,24,28
1989,March,25,11,25,29,33,37,38
1989,March,18,4,5,11,18,27,29
1989,March,11,1,6,22,33,37,40
1989,March,4,1,6,16,17,31,33
1989,April,29,2,4,19,26,28,35
1989,April,22,5,18,25,34,35,38
1989,April,15,2,6,13,18,24,28
1989,April,8,10,16,17,27,29,38
1989,April,1,3,4,16,31,33,36
1989,May,27,2,11,21,27,32,38
1989,May,20,3,11,12,14,23,34
1989,May,13,4,12,19,26,33,35
1989,May,6,6,7,30,35,36,38
1989,June,24,9,14,18,24,29,30
1989,June,17,3,14,15,16,21,31
1989,June,10,1,9,12,26,30,40
1989,June,3,14,16,18,23,24,29
1989,July,29,11,15,25,27,31,39
1989,July,22,7,14,17,26,34,40
1989,July,15,2,6,9,24,30,33
1989,July,8,4,6,18,19,37,39
1989,August,26,2,5,16,21,32,37
1989,August,19,10,18,19,30,34,35
1989,August,12,6,12,15,25,27,35
1989,August,5,4,10,14,22,27,29
1989,September,30,2,7,16,21,27,40
1989,September,23,2,6,18,33,35,36
1989,September,16,14,21,22,35,36,39
1989,September,9,16,18,19,24,25,29
1989,September,2,1,23,31,35,36,39
1989,October,28,1,9,27,30,33,37
1989,October,21,1,5,9,19,31,39
1989,October,14,8,11,12,14,29,34
1989,October,7,7,13,14,18,27,30
1989,November,25,1,11,13,20,26,40
1989,November,18,6,8,13,26,27,29
1989,November,11,6,13,19,26,34,39
1989,November,4,12,17,23,28,33,34
1989,December,30,3,7,10,26,27,39
1989,December,23,3,14,25,28,32,38
1989,December,16,15,17,18,19,26,32
1989,December,9,1,11,14,15,33,40
1989,December,2,5,20,23,26,33,36
1990,January,27,2,3,18,32,39,40
1990,January,20,3,8,11,12,19,22
1990,January,13,5,17,25,26,30,35
1990,January,6,1,3,6,13,19,27
1990,February,24,6,8,13,19,23,38
1990,February,17,2,11,21,26,33,35
1990,February,10,1,5,8,12,16,26
1990,February,3,13,21,25,31,37,39
1990,March,31,8,12,27,30,37,40
1990,March,24,13,16,21,22,30,35
1990,March,17,1,18,29,40,25,7
1990,March,10,2,4,8,13,16,31
1990,March,3,12,14,32,33,35,36
1990,April,28,1,8,10,14,36,37
1990,April,21,2,3,16,18,34,37
1990,April,14,4,7,18,24,29,35
1990,April,7,4,6,18,19,28,32
1990,May,26,8,12,28,31,33,35
1990,May,19,3,11,25,26,35,38
1990,May,12,4,6,16,21,33,40
1990,May,5,7,12,17,22,26,28
1990,June,30,2,28,29,31,38,40
1990,June,23,2,7,10,14,24,33
1990,June,16,6,7,22,24,29,35
1990,June,9,12,15,18,20,22,27
1990,June,2,4,5,10,17,23,31
1990,July,28,17,25,26,28,36,39
1990,July,21,4,8,10,18,21,22
1990,July,14,4,7,9,18,29,37
1990,July,7,10,20,33,36,38,40
1990,August,25,4,5,12,14,25,35
1990,August,18,13,18,20,25,27,35
1990,August,11,8,21,24,29,34,37
1990,August,4,11,19,22,27,29,35
1990,September,29,1,14,17,18,24,37
1990,September,22,2,3,10,18,32,40
1990,September,15,1,10,15,30,38,40
1990,September,8,8,9,17,24,25,38
1990,September,1,10,22,26,35,36,40
1990,October,27,21,28,30,33,35,37
1990,October,20,1,5,18,20,24,33
1990,October,13,2,4,9,14,28,32
1990,October,6,2,4,10,17,24,32
1990,November,24,2,14,17,18,25,36
1990,November,17,2,7,11,14,22,40
1990,November,10,16,22,24,29,32,37
1990,November,3,1,3,6,11,24,32
1990,December,29,6,11,15,18,26,35
1990,December,22,3,4,15,18,20,26
1990,December,15,6,9,15,16,18,21
1990,December,8,1,7,8,14,25,37
1990,December,1,12,19,27,33,35,39
1991,January,26,15,23,30,37,39,40
1991,January,19,3,14,15,19,24,30
1991,January,12,12,13,16,22,24,28
1991,January,5,4,9,11,13,24,31
1991,February,23,6,9,25,31,38,40
1991,February,16,1,8,20,22,30,38
1991,February,9,18,20,22,28,33,34
1991,February,2,8,11,15,16,21,26
1991,March,30,13,20,23,26,31,36
1991,March,23,2,5,11,16,34,40
1991,March,16,13,22,27,29,32,37
1991,March,9,16,18,19,22,23,26
1991,March,2,1,5,7,28,37,39
1991,April,27,4,6,16,24,32,39
1991,April,20,7,14,15,27,30,36
1991,April,13,1,7,14,29,30,39
1991,April,6,1,9,10,22,26,32
1991,May,25,1,13,24,26,29,34
1991,May,18,1,18,26,32,37,38
1991,May,11,1,6,16,24,38,39
1991,May,4,8,12,17,22,30,36
1991,June,29,5,22,28,34,38,39
1991,June,22,11,15,19,24,29,34
1991,June,15,3,10,24,25,26,30
1991,June,8,3,8,15,29,34,38
1991,June,1,5,11,16,28,29,30
1991,July,27,1,18,23,31,32,33
1991,July,20,5,9,15,18,32,34
1991,July,13,1,2,3,6,14,30
1991,July,6,21,23,25,33,35,38
1991,August,31,7,16,25,29,34,36
1991,August,24,5,7,17,20,28,39
1991,August,17,1,8,12,29,30,31
1991,August,10,2,6,12,16,27,29
1991,August,3,12,17,22,30,33,37
1991,September,28,7,11,12,14,26,36
1991,September,21,12,17,21,23,27,40
1991,September,14,2,4,25,26,36,39
1991,September,7,7,10,12,27,34,37
1991,October,26,7,11,21,22,36,37
1991,October,19,3,8,11,12,13,27
1991,October,12,3,11,16,22,30,34
1991,October,5,1,6,12,15,35,36
1991,November,30,6,7,8,19,20,26
1991,November,23,5,10,15,32,36,40
1991,November,16,13,16,18,21,22,27
1991,November,9,5,13,15,28,34,39
1991,November,2,4,7,17,22,32,40
1991,December,28,1,5,10,13,21,25
1991,December,21,1,5,10,16,38,40
1991,December,14,3,10,16,24,29,37
1991,December,7,17,20,27,30,33,39
1992,January,25,12,17,24,25,28,38
1992,January,18,6,14,17,27,37,38
1992,January,11,8,12,15,19,23,37
1992,January,4,1,13,20,25,31,36
1992,February,29,7,8,17,28,36,39
1992,February,22,2,3,22,27,38,40
1992,February,15,1,9,20,37,39,40
1992,February,8,5,13,14,20,22,36
1992,February,1,5,15,20,26,28,35
1992,March,28,7,11,14,19,20,32
1992,March,21,1,6,8,25,27,33
1992,March,14,6,32,34,36,38,40
1992,March,7,1,5,20,27,33,35
1992,April,25,3,4,15,20,28,37
1992,April,18,12,17,25,27,35,38
1992,April,11,9,10,13,22,26,39
1992,April,4,3,8,17,25,26,38
1992,May,30,4,6,7,21,32,36
1992,May,23,2,3,9,22,24,25
1992,May,16,8,15,16,21,35,37
1992,May,9,1,10,18,20,35,40
1992,May,2,5,8,24,35,38,40
1992,June,27,4,5,15,17,26,34
1992,June,20,12,16,20,28,34,38
1992,June,13,4,5,13,18,25,28
1992,June,6,7,8,11,21,34,37
1992,July,25,6,12,13,16,28,36
1992,July,18,2,8,13,15,38,40
1992,July,11,15,23,29,30,39,40
1992,July,4,4,8,9,13,16,32
1992,August,29,3,14,19,23,29,35
1992,August,22,10,14,17,24,31,32
1992,August,15,4,5,14,17,24,29
1992,August,8,2,5,8,30,31,32
1992,August,1,5,7,18,19,28,39
1992,September,26,1,9,10,30,38,40
1992,September,19,3,12,21,26,37,39
1992,September,12,16,21,24,27,30,37
1992,September,5,10,16,22,24,26,32
1992,October,31,3,7,13,22,24,38
1992,October,24,1,5,6,10,17,24
1992,October,17,6,13,18,23,28,34
1992,October,10,11,12,17,21,33,39
1992,October,3,5,7,22,25,31,38
1992,November,28,6,11,14,15,27,36
1992,November,21,7,19,33,34,37,38
1992,November,14,1,3,5,22,25,37
1992,November,7,1,2,18,22,25,33
1992,December,26,10,16,19,24,29,33
1992,December,19,3,17,29,34,35,38
1992,December,12,3,5,6,16,25,38
1992,December,5,4,14,16,23,35,38
1993,January,30,6,8,12,13,35,39
1993,January,23,1,12,15,21,22,29
1993,January,16,2,3,7,8,14,26
1993,January,9,5,12,19,28,29,31
1993,January,2,2,14,21,22,24,38
1993,February,27,17,20,25,30,32,38
1993,February,20,4,9,12,28,30,36
1993,February,13,3,4,6,10,19,38
1993,February,6,1,7,19,23,28,38
1993,March,27,6,7,15,26,28,33
1993,March,20,3,24,26,28,32,39
1993,March,13,5,9,19,25,27,31
1993,March,6,3,5,15,17,31,40
1993,April,24,12,18,26,27,28,37
1993,April,17,6,8,9,21,28,34
1993,April,10,12,24,27,28,33,36
1993,April,3,1,4,7,8,31,36
1993,May,29,7,11,13,14,22,36
1993,May,22,2,10,13,14,30,31
1993,May,15,7,8,19,36,39,40
1993,May,8,4,11,18,35,37,39
1993,May,1,5,8,21,23,25,31
1993,June,26,4,5,20,26,27,31
1993,June,19,2,15,21,28,32,36
1993,June,12,7,12,14,16,22,34
1993,June,5,6,31,34,35,36,37
1993,July,31,10,15,24,33,37,40
1993,July,24,12,13,14,16,17,23
1993,July,17,9,18,20,25,36,39
1993,July,10,2,13,16,21,37,39
1993,July,3,6,13,15,18,27,29
1993,August,28,1,9,11,23,26,34
1993,August,21,1,7,10,15,20,35
1993,August,14,3,4,5,19,20,23
1993,August,7,1,12,19,24,26,32
1993,September,25,12,16,18,21,29,40
1993,September,18,1,4,12,21,30,32
1993,September,11,31,32,33,35,36,38
1993,September,4,9,11,22,34,35,40
1993,October,30,3,21,23,24,27,28
1993,October,23,3,7,21,31,33,35
1993,October,16,2,7,20,26,28,30
1993,October,9,4,7,13,31,33,34
1993,October,2,3,8,15,19,25,30
1993,November,27,5,8,15,22,30,34
1993,November,20,7,12,13,14,21,24
1993,November,13,3,4,18,20,26,31
1993,November,6,2,6,16,20,26,33
1993,December,25,6,14,33,34,36,38
1993,December,18,1,7,10,20,34,40
1993,December,11,8,14,20,29,36,39
1993,December,4,4,10,20,21,32,34
1994,January,29,7,11,13,17,26,28
1994,January,22,5,15,22,33,37,40
1994,January,15,2,4,8,14,33,38
1994,January,8,6,13,15,20,30,38
1994,January,1,1,21,32,34,38,40
1994,February,26,7,9,10,28,34,40
1994,February,19,1,4,24,30,35,36
1994,February,12,1,7,10,12,23,39
1994,February,5,6,11,14,17,19,40
1994,March,26,1,7,8,20,34,40
1994,March,19,6,10,19,25,30,38
1994,March,12,11,13,17,18,32,36
1994,March,5,1,4,5,21,27,37
1994,April,30,7,28,29,30,32,37
1994,April,23,3,7,9,17,32,33
1994,April,16,2,7,22,25,33,34
1994,April,9,6,13,22,25,28,33
1994,April,2,4,8,32,34,37,38
1994,May,28,17,21,33,35,37,39
1994,May,21,1,8,14,33,37,38
1994,May,14,8,19,20,24,35,39
1994,May,7,5,6,18,22,30,34
1994,June,25,1,9,10,23,24,30
1994,June,18,2,24,29,31,35,37
1994,June,11,4,9,22,32,35,38
1994,June,4,6,19,25,29,31,33
1994,July,30,17,18,23,30,39,40
1994,July,23,7,21,25,26,36,39
1994,July,16,1,7,20,28,30,38
1994,July,9,9,15,18,19,31,39
1994,July,2,10,11,14,23,24,31
1994,August,27,11,14,18,22,26,38
1994,August,20,4,10,12,23,25,35
1994,August,13,5,7,12,28,33,34
1994,August,6,9,10,12,14,22,23
1994,September,24,9,20,22,25,30,39
1994,September,17,7,9,30,31,38,40
1994,September,10,6,7,9,22,25,36
1994,September,3,3,10,14,21,24,32
1994,October,29,23,25,26,27,34,35
1994,October,22,14,17,28,32,35,39
1994,October,15,1,14,16,25,37,39
1994,October,8,2,14,18,24,26,38
1994,October,1,2,6,7,16,21,40
1994,November,26,5,12,16,19,24,27
1994,November,19,5,21,28,34,35,36
1994,November,12,8,10,12,21,22,26
1994,November,5,10,11,24,27,32,40
1994,December,31,16,19,24,27,31,39
1994,December,24,16,17,23,30,32,38
1994,December,17,1,8,12,22,30,39
1994,December,10,9,17,21,27,35,36
1994,December,3,7,8,10,16,17,40
1995,January,28,5,8,15,23,33,37
1995,January,21,1,21,22,24,33,40
1995,January,14,19,21,22,34,36,39
1995,January,7,1,7,15,21,31,37
1995,February,25,7,11,26,29,31,37
1995,February,18,3,4,20,25,26,37
1995,February,11,8,15,19,24,31,40
1995,February,4,1,21,22,28,31,40
1995,March,25,4,14,22,32,36,39
1995,March,18,17,20,22,31,36,38
1995,March,11,2,4,12,17,22,25
1995,March,4,7,8,9,13,21,32
1995,April,29,2,3,12,15,18,26
1995,April,22,2,3,21,23,29,33
1995,April,15,4,5,13,15,16,21
1995,April,8,5,6,11,17,31,34
1995,April,1,2,3,15,16,22,39
1995,May,27,7,9,11,17,18,28
1995,May,20,2,3,13,22,25,35
1995,May,13,4,18,27,28,30,39
1995,May,6,4,24,26,30,33,37
1995,June,24,1,3,5,26,27,35
1995,June,17,5,17,18,19,31,36
1995,June,10,2,6,10,21,31,35
1995,June,3,8,21,23,28,30,32
1995,July,29,9,19,22,28,32,34
1995,July,22,5,14,18,20,30,31
1995,July,15,5,6,7,8,15,22
1995,July,8,7,10,17,22,34,38
1995,July,1,4,14,20,24,27,31
1995,August,26,1,3,12,16,26,40
1995,August,19,2,7,10,30,33,39
1995,August,12,3,20,25,36,37,38
1995,August,5,6,8,16,20,23,25
1995,September,30,2,5,14,29,39,40
1995,September,23,9,12,19,21,37,40
1995,September,16,4,13,21,24,28,38
1995,September,9,4,9,16,24,28,33
1995,September,2,4,13,14,16,19,22
1995,October,28,4,7,12,14,35,38
1995,October,21,3,12,13,19,24,28
1995,October,14,1,4,11,15,19,24
1995,October,7,1,4,21,22,28,30
1995,November,25,11,19,20,24,33,35
1995,November,18,5,15,19,27,29,33
1995,November,11,1,7,15,20,37,38
1995,November,4,5,26,29,35,38,39
1995,December,30,1,8,9,19,22,30
1995,December,23,8,12,23,25,29,30
1995,December,16,9,15,23,28,33,34
1995,December,9,1,5,7,18,20,40
1995,December,2,15,20,25,29,33,38
1996,January,27,6,8,13,15,38,39
1996,January,20,8,20,22,25,32,34
1996,January,13,1,11,22,31,33,34
1996,January,6,2,14,16,22,23,34
1996,February,24,1,5,22,25,28,30
1996,February,17,7,10,15,23,24,27
1996,February,10,5,10,19,20,27,30
1996,February,3,5,12,13,32,33,38
1996,March,30,5,14,20,36,39,40
1996,March,23,12,22,25,28,34,40
1996,March,16,6,13,18,20,22,24
1996,March,9,3,11,16,28,30,40
1996,March,2,7,21,26,29,36,37
1996,April,27,6,12,15,19,25,29
1996,April,20,7,11,15,17,31,33
1996,April,13,5,11,23,29,35,39
1996,April,6,5,11,15,18,24,29
1996,May,25,3,4,6,12,26,32
1996,May,18,2,15,17,21,24,38
1996,May,11,4,13,14,25,26,37
1996,May,4,8,9,13,20,23,36
1996,June,29,15,16,18,23,25,40
1996,June,22,4,6,11,12,19,20
1996,June,15,11,20,24,25,29,40
1996,June,8,3,5,9,14,19,22
1996,June,1,2,3,18,21,26,36
1996,July,27,9,13,14,16,18,30
1996,July,20,5,9,15,22,34,36
1996,July,13,1,11,12,14,15,34
1996,July,6,1,9,24,26,33,36
1996,August,31,6,11,13,27,28,29
1996,August,24,3,7,8,21,29,39
1996,August,17,5,9,10,15,21,30
1996,August,10,2,5,11,13,19,28
1996,August,3,8,14,18,20,28,31
1996,September,28,9,10,12,15,21,26
1996,September,21,9,13,29,30,33,34
1996,September,14,2,3,11,12,26,39
1996,September,7,12,21,25,27,34,37
1996,October,26,12,14,25,27,31,33
1996,October,19,11,12,17,25,28,37
1996,October,12,7,14,16,24,28,40
1996,October,5,8,18,20,22,29,33
1996,November,30,2,10,12,16,19,23
1996,November,23,4,5,7,12,15,39
1996,November,16,6,13,22,38,39,40
1996,November,9,1,9,10,23,29,34
1996,November,2,1,3,20,21,27,31
1996,December,28,1,2,8,10,17,33
1996,December,21,8,13,15,23,24,32
1996,December,14,10,12,19,22,34,35
1996,December,7,1,6,20,26,27,30
1997,January,25,1,11,22,26,33,39
1997,January,18,1,7,20,22,24,30
1997,January,11,1,8,12,30,33,38
1997,January,4,4,11,14,26,32,38
1997,February,22,3,8,17,18,38,40
1997,February,15,2,11,14,16,19,40
1997,February,8,2,7,9,10,16,25
1997,February,1,8,12,15,19,26,30
1997,March,29,7,10,29,32,33,39
1997,March,22,1,2,5,9,26,31
1997,March,15,14,18,21,30,34,36
1997,March,8,15,18,21,24,30,32
1997,March,1,4,10,23,25,26,35
1997,April,26,15,16,32,36,38,39
1997,April,19,2,7,10,15,21,35
1997,April,12,11,14,19,33,34,35
1997,April,5,3,10,27,28,31,33
1997,May,31,1,6,13,22,23,35
1997,May,24,9,16,20,21,30,31
1997,May,17,4,5,13,33,34,39
1997,May,10,1,3,4,25,35,40
1997,May,3,9,24,28,30,36,39
1997,June,28,9,14,21,30,34,40
1997,June,21,2,3,7,9,13,15
1997,June,14,13,19,22,34,35,37
1997,June,7,9,19,20,27,32,35
1997,July,26,2,5,9,15,22,34
1997,July,19,4,5,9,12,20,37
1997,July,12,7,24,26,27,30,32
1997,July,5,3,6,14,17,31,33
1997,August,30,6,19,22,29,32,33
1997,August,23,2,6,18,22,31,39
1997,August,16,1,6,10,19,31,38
1997,August,9,3,8,13,18,25,39
1997,August,2,6,10,19,20,37,39
1997,September,27,12,17,20,29,34,38
1997,September,20,2,7,16,18,21,34
1997,September,13,1,13,15,23,30,40
1997,September,6,18,20,23,31,35,40
1997,October,25,6,17,22,23,26,38
1997,October,18,4,5,8,21,31,38
1997,October,11,9,15,17,25,27,36
1997,October,4,12,17,20,31,32,33
1997,November,29,12,16,20,22,33,38
1997,November,22,3,7,16,19,20,34
1997,November,15,9,14,18,20,25,36
1997,November,8,8,25,28,31,33,39
1997,November,1,1,12,15,25,32,34
1997,December,31,7,10,12,27,31,32
1997,December,27,4,7,19,24,26,40
1997,December,20,3,15,17,20,26,31
1997,December,13,14,22,24,29,32,37
1997,December,6,2,6,11,13,17,30
1998,January,31,1,6,22,24,26,31
1998,January,24,3,8,14,15,18,24
1998,January,17,10,12,16,18,22,40
1998,January,10,7,9,21,26,33,37
1998,January,3,8,24,25,31,32,37
1998,February,28,4,8,9,11,30,34
1998,February,21,1,9,11,26,35,39
1998,February,14,3,6,10,17,25,36
1998,February,7,2,3,6,9,17,20
1998,March,28,8,13,17,33,34,37
1998,March,21,11,13,14,18,32,39
1998,March,14,8,14,25,29,33,34
1998,March,7,3,4,9,17,23,38
1998,April,25,11,22,27,31,34,36
1998,April,18,1,2,3,11,25,33
1998,April,11,2,3,9,15,24,27
1998,April,4,4,7,8,18,35,39
1998,May,30,4,7,19,20,28,34
1998,May,23,1,2,14,18,19,26
1998,May,16,1,11,13,17,31,38
1998,May,9,1,8,10,18,19,26
1998,May,2,6,11,16,18,24,29
1998,June,27,5,6,28,29,33,35
1998,June,20,4,12,15,29,34,35
1998,June,13,6,11,16,21,32,37
1998,June,6,5,10,11,12,22,29
1998,July,25,14,16,19,25,31,40
1998,July,18,1,4,13,18,31,34
1998,July,11,1,2,10,14,27,29
1998,July,4,11,12,15,18,19,39
1998,August,29,5,8,12,19,36,38
1998,August,22,12,21,33,34,36,39
1998,August,15,4,10,12,13,30,32
1998,August,8,6,7,8,12,20,37
1998,August,1,2,7,8,9,10,12
1998,September,26,10,14,21,29,34,39
1998,September,19,7,8,23,24,30,34
1998,September,12,5,9,13,15,19,40
1998,September,5,1,13,16,35,36,39
1998,October,31,2,7,20,27,32,34
1998,October,24,6,8,9,16,22,28
1998,October,17,2,12,14,24,36,40
1998,October,10,1,2,3,5,18,40
1998,October,3,8,10,12,16,19,40
1998,November,28,13,32,33,34,36,38
1998,November,21,2,16,18,25,28,34
1998,November,14,1,5,7,11,31,33
1998,November,7,6,8,10,27,31,37
1998,December,31,5,7,15,24,26,30
1998,December,26,7,9,18,20,23,33
1998,December,19,3,4,13,18,21,37
1998,December,12,5,12,18,26,33,39
1998,December,5,7,9,17,21,26,40
1999,January,30,3,10,20,21,24,36
1999,January,23,6,8,25,29,35,36
1999,January,16,1,9,12,26,28,31
1999,January,9,5,10,24,25,34,35
1999,January,2,12,22,26,33,35,38
1999,February,27,6,15,23,24,27,33
1999,February,20,4,7,16,22,25,38
1999,February,13,5,8,13,28,31,33
1999,February,6,3,21,23,24,26,38
1999,March,27,2,16,23,26,37,38
1999,March,20,14,19,26,33,38,39
1999,March,13,1,2,12,26,27,32
1999,March,6,6,18,21,22,26,27
1999,April,24,2,5,7,9,13,28
1999,April,17,5,10,18,20,28,35
1999,April,10,13,23,28,32,33,35
1999,April,3,4,5,18,20,36,38
1999,May,29,3,5,19,25,31,33
1999,May,22,3,13,19,23,25,26
1999,May,15,6,16,19,23,28,40
1999,May,8,16,20,23,29,33,37
1999,May,1,13,19,21,27,32,38
1999,June,26,15,26,34,36,39,40
1999,June,19,3,7,10,28,31,33
1999,June,12,7,8,21,26,27,32
1999,June,5,1,7,17,25,39,40
1999,July,31,1,2,9,13,22,27
1999,July,24,11,13,14,16,19,27
1999,July,17,2,8,10,22,25,37
1999,July,10,3,29,30,33,38,39
1999,July,3,1,2,9,12,25,37
1999,August,28,10,15,24,26,27,39
1999,August,21,1,3,15,30,37,38
1999,August,14,11,17,25,28,36,37
1999,August,7,4,18,21,26,39,40
1999,September,25,3,10,13,20,22,40
1999,September,18,4,8,11,15,22,39
1999,September,11,1,7,14,23,25,37
1999,September,4,4,13,14,21,34,36
1999,October,30,4,7,11,12,17,35
1999,October,23,10,15,23,25,34,39
1999,October,16,8,17,23,30,32,38
1999,October,9,3,16,33,35,36,39
1999,October,2,16,18,20,21,24,32
1999,November,27,3,8,13,18,23,34
1999,November,20,2,3,4,6,28,34
1999,November,13,2,21,22,23,27,31
1999,November,6,9,19,20,36,37,38
1999,December,31,20,21,23,27,30,38
1999,December,25,11,21,29,34,38,39
1999,December,18,13,19,21,22,24,29
1999,December,11,12,13,14,15,27,32
1999,December,4,9,11,13,29,31,37
2000,January,29,9,13,22,23,28,31
2000,January,22,4,9,10,22,27,33
2000,January,15,10,11,12,26,39,40
2000,January,8,2,7,15,23,28,33
2000,January,5,8,10,11,17,18,34
2000,February,26,1,12,27,31,33,35
2000,February,19,1,2,8,19,22,29
2000,February,12,4,13,20,21,27,39
2000,February,5,6,9,21,26,32,36
2000,March,25,1,5,9,14,24,33
2000,March,18,4,8,18,20,21,29
2000,March,11,7,22,28,33,35,40
2000,March,4,2,13,15,26,30,39
2000,April,29,13,18,19,25,31,39
2000,April,22,2,12,13,24,33,38
2000,April,15,13,17,18,31,32,39
2000,April,8,5,9,10,15,27,38
2000,April,1,10,23,25,26,28,36
2000,May,27,11,12,17,18,27,39
2000,May,20,12,20,24,27,36,40
2000,May,13,5,6,19,23,27,38
2000,May,6,5,9,24,28,34,40
2000,June,24,4,8,18,24,25,34
2000,June,17,3,8,14,15,24,25
2000,June,10,9,10,12,26,27,38
2000,June,3,1,23,31,33,35,37
2000,July,29,22,24,25,27,30,35
2000,July,22,3,5,11,25,35,38
2000,July,15,7,9,13,20,27,34
2000,July,8,1,3,14,17,33,40
2000,July,1,2,19,28,30,31,33
2000,August,26,2,3,20,28,29,33
2000,August,19,1,7,16,21,31,37
2000,August,12,3,13,18,27,36,40
2000,August,5,1,6,16,17,36,40
2000,September,30,8,20,24,26,29,36
2000,September,23,5,6,8,27,37,38
2000,September,16,1,4,7,18,27,31
2000,September,9,4,17,23,26,27,37
2000,September,2,2,3,11,17,22,23
2000,October,28,6,9,10,24,27,29
2000,October,21,1,5,13,14,29,32
2000,October,14,6,13,25,29,35,38
2000,October,7,4,6,11,21,34,38
2000,November,25,3,8,15,23,32,36
2000,November,18,2,3,15,27,29,38
2000,November,11,3,10,25,26,27,39
2000,November,4,2,3,5,29,31,37
2000,December,30,1,12,30,32,36,40
2000,December,23,10,12,22,27,32,38
2000,December,16,8,10,20,23,29,39
2000,December,9,7,12,13,16,17,31
2000,December,2,13,16,27,35,38,40
2001,March,31,2,4,8,16,27,28
2001,March,24,15,21,23,25,32,36
2001,March,17,3,4,7,12,13,34
2001,March,10,9,12,27,29,31,36
2001,March,3,8,16,19,33,36,37
2001,April,28,2,3,8,13,19,20
2001,April,21,10,11,14,23,29,34
2001,April,14,6,12,35,38,39,40
2001,April,7,13,18,23,29,35,39
2001,May,26,1,6,18,27,28,34
2001,May,19,9,11,20,23,27,35
2001,May,12,3,12,18,21,33,35
2001,May,5,3,8,15,20,24,27
2001,June,30,1,4,10,11,18,24
2001,June,23,9,12,19,21,23,27
2001,June,16,4,5,6,8,30,38
2001,June,9,7,11,21,26,27,40
2001,June,2,2,3,15,22,31,36
2001,July,28,14,15,17,24,29,32
2001,July,21,3,5,12,16,27,34
2001,July,14,2,13,15,17,36,40
2001,July,7,7,9,26,27,32,40
2001,August,25,3,6,8,29,30,31
2001,August,18,2,3,9,19,26,39
2001,August,11,7,14,15,16,17,30
2001,August,4,1,6,11,23,26,28
2001,September,29,4,7,17,24,30,31
2001,September,22,8,27,29,34,36,38
2001,September,15,1,10,11,30,37,39
2001,September,8,18,19,23,31,35,36
2001,September,1,7,11,27,30,37,39
2001,October,27,3,16,26,30,34,39
2001,October,20,3,9,20,23,34,39
2001,October,13,1,9,14,23,24,35
2001,October,6,4,15,18,19,24,39
2001,November,24,3,5,6,9,20,27
2001,November,17,10,12,17,28,35,37
2001,November,10,2,7,8,26,30,32
2001,November,3,2,3,13,25,31,38
2001,December,29,3,6,22,30,36,39
2001,December,22,5,8,9,23,29,32
2001,December,15,2,7,13,19,20,36
2001,December,8,13,28,36,37,38,40
2001,December,1,2,7,17,18,19,39
2002,January,26,2,4,16,23,29,37
2002,January,19,2,10,19,21,31,36
2002,January,12,4,8,18,23,24,33
2002,January,5,2,13,20,23,31,35
2002,February,23,7,11,12,26,34,35
2002,February,16,20,25,26,27,29,37
2002,February,9,2,5,21,28,39,40
2002,February,2,11,13,14,15,35,37
2002,March,30,5,10,12,20,23,40
2002,March,23,4,7,9,13,15,28
2002,March,16,3,14,15,25,28,40
2002,March,9,1,5,14,15,21,31
2002,March,2,3,16,18,20,29,40
2002,April,27,1,39,27,16,15,20
2002,April,20,9,11,13,15,23,26
2002,April,13,13,17,19,22,36,40
2002,April,6,6,9,27,30,32,38
2002,May,25,8,10,13,18,27,39
2002,May,18,1,15,20,26,29,38
2002,May,11,7,10,14,24,29,30
2002,May,4,8,20,23,29,32,38
2002,June,29,7,13,17,18,27,33
2002,June,22,3,7,17,26,29,30
2002,June,15,8,15,19,25,33,40
2002,June,8,2,16,22,24,26,27
2002,June,1,3,9,12,20,23,39
2002,July,27,9,19,21,22,23,32
2002,July,20,5,6,7,8,18,30
2002,July,13,7,10,14,19,23,35
2002,July,6,3,4,11,28,31,35
2002,August,31,16,29,32,33,38,40
2002,August,24,2,8,13,21,25,35
2002,August,17,7,11,17,21,22,28
2002,August,10,1,2,23,30,32,37
2002,August,3,1,2,4,6,25,27
2002,September,21,3,10,21,22,26,34
2002,September,14,7,13,18,19,25,27
2002,September,7,3,13,14,16,36,39
2002,October,26,4,12,23,26,38,40
2002,October,19,2,6,10,20,24,35
2002,October,12,13,24,32,35,36,40
2002,October,5,5,11,20,22,27,36
2002,November,30,1,11,12,18,36,37
2002,November,23,5,14,21,25,33,38
2002,November,16,2,3,8,29,33,35
2002,November,10,1,2,9,22,32,33
2002,November,2,3,11,13,14,21,25
2002,December,28,19,25,27,31,36,40
2002,December,21,3,5,19,25,31,35
2002,December,14,10,14,16,18,24,28
2002,December,7,1,14,34,37,38,39
2003,January,25,1,10,11,13,26,33
2003,January,18,8,9,12,31,36,38
2003,January,11,11,15,23,24,36,38
2003,January,4,1,3,6,23,27,38
2003,February,22,8,19,25,26,30,31
2003,February,15,7,10,16,23,28,30
2003,February,8,8,13,22,27,31,36
2003,February,1,3,6,8,9,35,39
2003,March,29,1,14,16,23,28,36
2003,March,22,1,3,13,17,25,38
2003,March,15,9,11,15,21,23,24
2003,March,8,6,7,10,14,30,34
2003,March,1,8,22,29,32,36,39
2003,April,26,13,15,18,24,33,40
2003,April,19,3,4,10,25,28,35
2003,April,12,2,4,6,21,31,39
2003,April,5,11,14,15,21,23,38
2003,May,31,3,17,20,23,25,39
2003,May,24,1,4,10,22,25,37
2003,May,17,12,14,20,25,29,37
2003,May,10,1,3,16,26,36,40
2003,May,3,10,17,18,28,33,36
2003,June,28,6,16,22,23,33,35
2003,June,21,10,20,25,30,32,35
2003,June,14,12,13,14,16,19,24
2003,June,7,1,9,14,16,19,29
2003,July,26,11,20,27,30,35,39
2003,July,19,1,5,32,35,38,40
2003,July,12,5,23,24,25,27,33
2003,July,5,9,11,14,19,36,37
2003,August,30,7,18,23,28,33,40
2003,August,23,1,4,7,24,27,28
2003,August,16,7,9,12,16,17,19
2003,August,9,3,13,23,35,36,37
2003,August,2,3,6,8,19,29,32
2003,September,27,5,16,20,26,33,35
2003,September,20,14,16,25,27,35,40
2003,September,13,6,13,14,19,26,30
2003,September,6,13,18,19,21,25,39
2003,October,25,2,19,22,26,30,35
2003,October,18,1,3,21,24,30,31
2003,October,11,9,24,26,28,31,32
2003,October,4,14,28,29,30,32,35
2003,November,29,1,11,15,19,23,37
2003,November,22,5,16,24,25,32,39
2003,November,16,2,10,17,21,22,27
2003,November,8,12,13,25,27,36,39
2003,November,1,15,35,10,19,27,13
2003,December,31,2,17,18,22,28,35
2003,December,27,1,10,19,34,35,38
2003,December,20,3,4,6,11,22,29
2003,December,13,2,14,15,16,22,34
2003,December,6,6,17,22,30,35,38
2004,January,31,7,9,20,33,34,35
2004,January,24,10,11,24,31,32,39
2004,January,17,3,7,8,33,36,38
2004,January,10,2,5,13,25,26,30
2004,January,3,7,10,14,15,34,35
2004,February,28,5,7,8,16,19,39
2004,February,21,7,13,19,21,27,32
2004,February,14,4,8,19,25,27,40
2004,February,7,2,7,15,26,29,33
2004,March,27,12,13,19,29,31,33
2004,March,20,6,7,8,9,25,30
2004,March,13,1,4,5,9,13,26
2004,March,6,4,10,11,16,21,32
2004,April,24,1,11,15,18,23,32
2004,April,17,10,20,29,31,33,36
2004,April,14,13,14,23,33,36,39
2004,April,3,6,8,12,13,21,35
2004,May,29,1,6,9,11,38,40
2004,May,22,8,16,17,28,31,39
2004,May,15,8,9,17,18,25,36
2004,May,8,7,10,12,28,31,40
2004,May,1,11,14,21,26,27,31
2004,June,26,4,8,19,21,35,37
2004,June,19,8,10,19,26,33,36
2004,June,12,2,6,13,16,17,33
2004,June,5,5,9,18,27,31,37
2004,July,31,8,10,14,26,28,35
2004,July,24,4,18,19,29,32,33
2004,July,17,8,11,17,21,23,30
2004,July,10,15,18,21,29,33,35
2004,July,3,12,13,21,24,30,31
2004,August,28,1,4,10,25,30,39
2004,August,21,6,9,11,20,21,38
2004,August,16,2,20,23,27,35,37
2004,August,14,1,3,24,28,32,34
2004,August,7,1,2,3,32,33,39
2004,September,25,3,4,11,12,32,38
2004,September,18,18,26,27,29,33,39
2004,September,11,7,15,19,21,24,34
2004,September,4,8,19,20,28,30,33
2004,October,30,1,6,16,20,38,40
2004,October,23,2,5,7,17,36,39
2004,October,9,2,11,21,22,25,39
2004,October,2,12,18,20,27,34,38
2004,November,27,25,26,30,32,33,40
2004,November,20,2,19,21,23,34,39
2004,November,13,1,9,15,24,31,32
2004,November,6,22,24,30,31,34,40
2004,December,25,1,8,9,24,27,30
2004,December,18,9,19,20,26,35,38
2004,December,15,3,5,7,21,27,34
2004,December,11,10,12,22,36,38,39
2004,December,4,6,9,14,15,26,31
2005,January,29,13,19,25,29,34,35
2005,January,22,2,13,21,24,36,39
2005,January,15,1,6,14,20,26,39
2005,January,8,7,9,34,36,37,38
2005,January,1,12,18,22,30,32,38
2005,February,26,3,9,16,27,31,36
2005,February,19,2,6,26,32,33,37
2005,February,12,16,26,27,29,31,39
2005,February,5,4,18,22,30,36,38
2005,March,30,10,16,21,27,37,39
2005,March,26,9,17,19,22,35,38
2005,March,19,4,8,21,25,32,37
2005,March,12,8,16,20,28,35,40
2005,March,5,11,18,25,27,32,33
2005,April,30,19,24,30,36,37,40
2005,April,23,4,16,27,28,30,36
2005,April,16,2,4,17,27,29,31
2005,April,9,7,18,21,23,29,31
2005,April,2,10,15,20,26,28,29
2005,May,28,1,5,13,22,34,38
2005,May,21,6,13,15,18,37,39
2005,May,14,15,19,21,25,27,39
2005,May,7,7,8,13,19,20,33
2005,June,26,5,9,15,20,32,40
2005,June,18,4,9,10,17,18,26
2005,June,11,5,23,24,27,31,34
2005,June,4,1,5,14,18,37,40
2005,July,30,1,14,15,21,23,32
2005,July,23,1,17,21,23,32,34
2005,July,16,11,14,19,21,28,35
2005,July,2,37,20,22,34,11,12
2005,August,27,4,6,9,18,28,33
2005,August,20,5,13,22,23,29,30
2005,August,13,5,11,12,24,32,34
2005,August,6,6,8,13,21,23,31
2005,September,24,8,9,17,28,31,39
2005,September,17,4,8,9,20,24,36
2005,September,10,2,8,22,31,33,35
2005,September,3,3,6,16,19,20,31
2005,October,29,20,23,24,33,35,37
2005,October,22,1,9,11,12,14,16
2005,October,16,1,8,24,28,35,40
2005,October,8,5,6,8,22,29,40
2005,October,1,17,24,26,36,37,38
2005,November,26,1,3,22,26,31,33
2005,November,19,2,4,17,24,26,40
2005,November,12,16,20,27,28,31,39
2005,November,5,4,14,24,25,34,36
2005,December,31,19,21,25,29,35,36
2005,December,24,3,5,14,22,23,32
2005,December,17,5,6,12,25,31,33
2005,December,11,9,11,20,22,32,36
2005,December,4,2,5,10,12,16,18
2006,January,28,7,17,20,25,32,35
2006,January,22,9,13,18,21,26,40
2006,January,14,6,10,17,30,32,34
2006,January,7,6,14,16,28,29,30
2006,February,25,15,17,21,38,39,40
2006,February,18,4,18,21,22,30,32
2006,February,11,7,26,28,29,31,36
2006,February,4,12,13,14,15,32,40
2006,March,25,12,13,15,17,26,28
2006,March,18,5,21,25,30,38,39
2006,March,11,11,19,22,23,26,37
2006,March,4,4,12,14,16,20,24
2006,April,29,2,7,10,27,32,40
2006,April,22,8,11,19,26,35,37
2006,April,15,33,12,7,5,10,23
2006,April,8,10,13,17,23,32,34
2006,April,1,11,17,25,30,33,37
2006,May,27,19,30,33,34,35,36
2006,May,20,6,8,13,22,24,27
2006,May,13,1,9,10,15,25,28
2006,May,6,13,15,22,29,31,32
2006,June,25,11,17,19,24,26,37
2006,June,24,11,17,19,24,26,37
2006,June,17,1,3,4,5,7,12
2006,June,11,4,9,15,36,38,40
2006,June,3,3,7,9,18,28,30
2006,July,29,5,16,20,21,23,24
2006,July,22,13,18,29,35,38,39
2006,July,15,7,24,26,27,29,39
2006,July,8,6,16,21,28,37,39
2006,July,1,12,16,20,26,27,29
2006,August,26,12,20,21,23,34,39
2006,August,19,1,3,4,6,12,17
2006,August,13,11,12,17,23,38,40
2006,August,5,1,10,11,12,25,32
2006,September,30,3,8,14,19,27,29
2006,September,23,3,7,17,20,28,33
2006,September,16,2,4,18,19,36,39
2006,September,10,1,3,9,15,21,24
2006,September,2,10,11,20,23,25,37
2006,October,28,6,8,12,20,27,29
2006,October,21,2,8,11,13,16,22
2006,October,14,3,12,25,28,37,39
2006,October,7,2,5,6,7,10,27
2006,November,25,10,19,24,35,38,40
2006,November,18,4,13,14,31,38,39
2006,November,11,2,5,11,19,22,23
2006,November,4,2,11,15,24,30,38
2006,December,30,9,11,21,22,25,31
2006,December,23,7,10,13,14,16,37
2006,December,16,2,4,21,27,31,32
2006,December,10,1,6,9,11,13,30
2006,December,9,1,6,9,11,13,30
2006,December,2,1,7,10,25,28,32
2007,January,27,2,20,21,24,29,31
2007,January,20,3,6,12,15,20,27
2007,January,13,4,9,16,23,28,37
2007,January,6,1,4,9,18,25,34
2007,February,24,4,5,20,30,35,37
2007,February,17,20,21,27,32,36,38
2007,February,10,5,17,21,29,35,38
2007,February,3,9,11,16,27,32,36
2007,March,31,10,15,19,23,26,31
2007,March,25,4,9,17,30,31,40
2007,March,17,1,15,22,23,25,30
2007,March,10,1,3,7,18,21,25
2007,March,4,18,25,28,32,35,38
2007,April,28,2,3,17,24,34,39
2007,April,21,2,11,20,34,36,39
2007,April,14,11,13,16,29,34,38
2007,April,7,5,11,14,16,21,33
2007,May,26,4,10,11,14,17,39
2007,May,19,5,7,8,12,33,35
2007,May,12,5,6,14,19,25,34
2007,May,5,4,10,11,25,37,38
2007,June,30,1,13,23,28,32,40
2007,June,23,2,12,29,30,33,38
2007,June,16,1,3,7,9,10,15
2007,June,9,2,11,23,25,27,38
2007,June,2,17,19,20,24,29,32
2007,July,28,1,7,13,18,26,30
2007,July,21,4,10,15,16,30,35
2007,July,14,6,12,18,27,36,38
2007,July,7,1,12,13,20,25,34
2007,August,25,14,19,20,22,35,37
2007,August,18,2,9,16,26,29,36
2007,August,11,4,34,32,8,28,7
2007,August,4,5,39,24,15,37,34
2007,September,29,4,7,17,20,32,35
2007,September,22,6,8,14,24,32,33
2007,September,15,4,7,12,23,24,26
2007,September,8,2,5,23,24,28,29
2007,September,1,12,13,15,16,22,38
2007,October,27,19,23,25,27,32,40
2007,October,20,9,14,27,34,37,38
2007,October,13,4,26,29,32,34,36
2007,October,6,1,13,14,21,24,35
2007,November,24,3,4,18,27,29,38
2007,November,17,13,18,24,26,31,37
2007,November,10,2,12,13,25,37,39
2007,November,3,11,15,23,30,31,40
2007,December,29,8,22,30,33,35,38
2007,December,22,17,20,27,30,31,38
2007,December,15,2,7,11,17,28,31
2007,December,8,4,8,9,18,21,34
2007,December,1,1,3,14,33,38,40
2008,January,26,10,15,19,22,34,40
2008,January,19,8,10,12,26,36,38
2008,January,12,5,14,16,19,22,40
2008,January,5,3,8,14,18,21,36
2008,February,23,4,13,27,32,36,38
2008,February,16,3,9,14,15,23,40
2008,February,9,14,16,19,36,39,40
2008,February,3,2,4,12,22,32,38
2008,March,29,5,13,16,28,38,40
2008,March,22,21,22,23,26,30,32
2008,March,15,3,16,17,23,25,40
2008,March,8,6,12,17,18,35,39
2008,March,1,4,12,29,31,32,35
2008,April,26,10,16,22,28,35,40
2008,April,19,3,5,11,16,24,28
2008,April,12,11,12,16,23,29,31
2008,April,5,7,17,19,27,33,36
2008,May,31,8,14,23,30,31,39
2008,May,23,1,9,10,23,25,34
2008,May,17,3,10,14,27,35,38
2008,May,10,9,15,17,30,36,39
2008,May,3,14,25,29,32,33,38
2008,June,28,7,17,29,30,36,37
2008,June,21,11,12,21,26,36,37
2008,June,14,26,28,33,35,37,40
2008,June,7,12,22,23,31,32,34
2008,July,26,4,7,17,24,32,35
2008,July,19,15,17,21,30,38,40
2008,July,12,9,14,16,17,26,28
2008,July,5,2,10,18,23,30,38
2008,August,30,3,4,23,26,35,36
2008,August,23,5,6,22,23,24,30
2008,August,16,4,6,7,19,25,35
2008,August,9,4,7,8,35,37,38
2008,August,2,2,5,17,18,34,40
2008,September,27,6,11,26,29,34,37
2008,September,20,3,6,10,11,15,16
2008,September,13,2,15,17,20,27,28
2008,September,6,7,19,25,31,35,38
2008,October,25,1,6,15,19,22,39
2008,October,18,2,5,16,22,31,40
2008,October,11,4,8,17,24,27,35
2008,October,4,8,10,11,26,32,39
2008,November,29,2,12,13,16,23,33
2008,November,22,13,16,27,29,30,38
2008,November,15,6,9,10,14,26,40
2008,November,8,1,19,22,29,30,37
2008,November,1,6,14,15,18,23,37
2008,December,27,2,9,16,22,27,36
2008,December,20,4,25,26,27,35,38
2008,December,13,3,18,24,28,31,38
2008,December,6,10,18,19,22,39,40
2009,January,31,3,13,19,21,31,37
2009,January,24,3,17,19,20,24,29
2009,January,17,11,16,17,25,33,37
2009,January,10,7,10,18,22,31,32
2009,January,3,5,10,18,21,26,30
2009,February,28,4,5,7,23,30,34
2009,February,21,5,11,12,19,26,31
2009,February,14,6,16,28,33,36,37
2009,February,7,5,10,18,21,25,28
2009,March,28,3,11,17,23,26,39
2009,March,21,3,7,20,24,36,40
2009,March,14,1,8,12,15,18,22
2009,March,7,13,15,18,24,32,38
2009,April,25,6,11,30,33,37,38
2009,April,18,11,14,16,25,33,38
2009,April,11,16,20,24,26,35,37
2009,April,4,8,9,10,17,22,36
2009,May,30,14,15,24,30,31,37
2009,May,23,7,12,14,17,22,34
2009,May,16,1,5,11,15,18,21
2009,May,9,1,12,14,19,20,23
2009,May,2,3,15,21,31,33,40
2009,June,28,1,14,15,30,32,40
2009,June,20,10,13,19,22,34,38
2009,June,13,1,17,21,22,31,32
2009,June,6,7,16,18,33,39,40
2009,July,28,5,15,16,19,20,23
2009,July,18,4,16,29,32,38,40
2009,July,11,9,12,24,32,36,37
2009,July,4,2,7,9,12,17,26
2009,August,29,8,10,20,21,22,23
2009,August,22,13,18,19,35,39,40
2009,August,15,2,3,17,27,39,40
2009,August,8,12,19,23,24,31,35
2009,August,1,12,13,19,26,35,40
2009,September,26,8,13,19,22,33,36
2009,September,19,4,13,18,24,25,37
2009,September,12,4,10,11,25,31,40
2009,September,10,13,26,29,31,33,35
2009,September,5,1,7,13,15,22,31
2009,October,31,9,10,13,28,30,34
2009,October,24,2,8,15,21,31,35
2009,October,18,12,16,21,29,33,37
2009,October,3,1,13,15,25,27,31
2009,November,28,5,14,15,20,22,32
2009,November,22,12,18,22,25,36,39
2009,November,14,2,5,8,24,28,30
2009,November,7,5,13,18,32,37,40
2009,December,26,1,3,18,22,27,40
2009,December,19,1,5,13,26,30,39
2009,December,12,1,4,6,8,21,23
2009,December,5,2,4,15,30,32,38
2010,January,30,3,8,11,13,19,36
2010,January,23,3,4,28,30,34,39
2010,January,16,3,6,11,18,22,29
2010,January,9,16,21,30,32,37,40
2010,January,2,13,21,23,25,34,39
2010,February,27,9,14,16,20,36,40
2010,February,20,11,15,21,24,37,38
2010,February,13,14,25,29,33,35,38
2010,February,6,11,14,15,19,23,36
2010,March,27,7,12,15,27,37,39
2010,March,20,19,23,25,30,31,32
2010,March,13,4,7,12,14,15,16
2010,March,6,5,11,26,30,37,39
2010,April,24,1,16,18,30,33,40
2010,April,17,3,9,29,30,35,39
2010,April,10,3,5,6,21,27,38
2010,April,3,7,13,14,16,17,36
2010,May,29,1,10,12,21,27,31
2010,May,22,1,4,14,18,25,36
2010,May,15,16,19,23,26,27,32
2010,May,8,10,11,14,18,22,31
2010,May,1,4,8,16,20,31,38
2010,June,26,5,7,8,11,28,35
2010,June,19,14,18,30,33,36,37
2010,June,12,10,12,30,32,36,38
2010,June,5,7,11,16,20,25,30
2010,July,31,1,8,22,26,28,38
2010,July,24,1,11,12,22,32,36
2010,July,17,5,8,10,24,28,35
2010,July,10,2,10,11,18,22,25
2010,July,3,1,6,17,21,24,34
2010,August,28,3,7,11,26,38,40
2010,August,21,10,13,17,22,23,33
2010,August,14,2,11,13,23,29,30
2010,August,7,4,18,24,28,34,35
2010,September,25,4,5,11,14,27,32
2010,September,18,9,12,19,23,32,37
2010,September,11,1,2,5,31,34,39
2010,September,4,16,18,31,35,36,39
2010,October,30,2,7,16,21,25,28
2010,October,23,4,23,27,34,37,40
2010,October,16,9,14,15,31,35,38
2010,October,9,1,6,22,28,35,38
2010,October,2,5,13,30,34,37,40
2010,November,27,1,7,8,32,36,38
2010,November,20,6,9,12,17,23,30
2010,November,13,6,15,19,28,33,35
2010,November,6,11,20,28,31,32,38
2010,December,25,3,6,10,12,22,25
2010,December,18,1,19,26,28,38,39
2010,December,11,2,3,11,13,16,26
2010,December,4,1,14,19,21,32,34
2011,January,29,1,2,5,12,22,29
2011,January,22,13,18,19,30,33,34
2011,January,15,1,2,10,15,32,36
2011,January,8,5,10,16,20,36,37
2011,January,1,5,10,13,29,34,37
2011,February,26,4,6,12,17,27,32
2011,February,19,2,15,17,27,32,37
2011,February,12,7,27,29,36,37,38
2011,February,5,5,6,13,31,33,36
2011,March,26,3,10,13,19,22,33
2011,March,19,1,18,21,24,29,40
2011,March,12,1,9,10,19,33,38
2011,March,5,1,8,23,25,31,40
2011,April,30,4,5,8,20,28,37
2011,April,23,13,16,18,23,27,31
2011,April,16,4,8,17,24,38,39
2011,April,9,3,5,8,18,20,35
2011,April,2,8,13,25,28,31,34
2011,May,28,7,9,21,26,27,33
2011,May,21,7,12,15,22,27,31
2011,May,14,6,12,20,28,30,34
2011,May,7,24,27,28,30,36,37
2011,June,25,3,17,18,26,34,39
2011,June,18,15,16,21,25,30,32
2011,June,11,1,2,7,27,28,40
2011,June,4,2,20,22,25,26,38
2011,July,30,5,16,25,26,27,39
2011,July,23,6,8,10,23,33,39
2011,July,16,6,17,22,23,25,35
2011,July,9,15,18,20,32,37,39
2011,July,2,1,2,19,28,30,36
2011,August,27,23,25,31,32,37,38
2011,August,20,2,4,15,28,29,30
2011,August,13,9,19,24,35,39,40
2011,August,6,1,13,14,22,26,36
2011,September,24,3,11,13,14,21,36
2011,September,17,6,12,15,26,27,34
2011,September,10,5,8,12,22,27,39
2011,September,3,1,7,16,19,26,37
2011,October,29,1,15,16,21,26,34
2011,October,20,6,10,12,24,35,40
2011,October,15,12,13,26,31,32,34
2011,October,8,17,23,25,28,39,40
2011,October,1,4,6,7,21,33,40
2011,November,26,3,8,17,23,33,38
2011,November,19,13,15,25,26,30,31
2011,November,12,1,2,5,6,8,18
2011,November,5,2,5,21,31,35,38
2011,December,31,4,10,13,27,36,39
2011,December,24,7,15,18,26,32,34
2011,December,17,9,13,19,23,31,40
2011,December,10,13,14,27,30,36,37
2011,December,3,4,15,18,21,32,33
2012,January,28,6,8,16,33,35,40
2012,January,21,1,4,7,13,20,38
2012,January,14,1,3,5,16,19,34
2012,January,7,8,10,12,35,36,40
2012,February,25,3,7,9,20,27,40
2012,February,18,7,13,22,27,34,36
2012,February,11,2,7,9,17,21,33
2012,February,4,21,23,26,33,34,38
2012,March,31,4,5,21,24,35,40
2012,March,24,2,9,14,19,22,33
2012,March,17,4,5,11,18,33,40
2012,March,10,8,11,15,24,35,39
2012,March,3,3,8,23,31,39,40
2012,April,28,1,4,12,13,20,24
2012,April,21,7,11,12,13,15,16
2012,April,14,13,17,23,27,31,33
2012,April,7,5,21,24,27,30,35
2012,May,26,8,10,12,20,21,39
2012,May,19,13,16,18,32,36,37
2012,May,12,2,13,16,24,35,36
2012,May,5,7,28,31,34,35,38
2012,June,30,2,9,10,14,22,24
2012,June,23,25,26,28,29,30,32
2012,June,16,9,18,20,27,33,39
2012,June,9,5,6,7,10,17,24
2012,June,2,10,11,15,21,24,33
2012,July,28,2,7,8,9,18,25
2012,July,21,1,13,15,17,26,31
2012,July,14,4,7,11,12,15,34
2012,July,7,8,11,21,27,39,40
2012,August,25,8,13,17,18,27,39
2012,August,18,10,13,21,23,27,35
2012,August,11,2,4,15,20,26,31
2012,August,4,10,12,13,24,29,38
2012,September,29,6,9,13,30,34,35
2012,September,22,9,12,17,19,21,35
2012,September,15,1,3,14,16,36,38
2012,September,8,7,16,31,38,39,40
2012,September,1,1,5,15,26,33,35
2012,October,27,14,15,29,33,36,39
2012,October,20,2,11,12,14,27,31
2012,October,13,1,7,29,30,31,40
2012,October,6,9,15,19,22,23,30
2012,November,24,3,4,18,19,34,35
2012,November,17,1,17,18,22,28,32
2012,November,10,18,22,31,32,33,36
2012,November,4,1,2,15,21,35,36
2012,December,29,3,6,7,25,26,29
2012,December,22,6,8,13,14,19,31
2012,December,15,6,12,23,24,25,36
2012,December,8,9,13,18,21,24,27
2012,December,1,8,10,14,15,21,39
2013,January,26,1,2,12,27,29,31
2013,January,19,5,19,21,32,36,39
2013,January,12,1,2,3,7,8,30
2013,January,5,1,3,8,14,26,30
2013,February,23,13,21,28,29,38,40
2013,February,16,2,6,25,32,35,36
2013,February,9,4,9,17,19,20,28
2013,February,2,5,6,13,19,24,39
2013,March,30,6,10,11,26,36,38
2013,March,23,1,16,18,29,30,32
2013,March,16,3,11,13,15,16,26
2013,March,9,7,10,11,37,39,40
2013,March,2,8,11,12,18,33,37
2013,April,27,9,13,17,18,23,35
2013,April,20,15,29,31,34,39,40
2013,April,13,6,7,16,24,37,38
2013,April,6,13,16,25,29,33,38
2013,May,25,2,4,9,17,19,27
2013,May,18,3,8,22,33,35,36
2013,May,11,12,16,18,19,29,39
2013,May,4,15,24,26,27,38,40
2013,June,29,3,10,16,17,20,38
2013,June,22,2,7,14,23,30,33
2013,June,15,12,26,31,33,36,39
2013,June,8,6,7,19,29,32,37
2013,June,1,8,11,13,22,23,36
2013,July,27,1,2,24,32,36,37
2013,July,20,1,6,10,20,21,36
2013,July,13,3,5,13,19,22,32
2013,July,6,13,14,19,25,34,38
2013,August,31,6,12,17,20,25,28
2013,August,24,4,7,19,27,36,40
2013,August,17,1,11,16,23,29,34
2013,August,10,5,21,23,27,30,38
2013,August,3,4,6,9,15,23,29
2013,September,28,1,21,29,33,39,40
2013,September,21,6,8,17,18,21,26
2013,September,14,2,5,11,19,30,31
2013,September,7,2,4,24,32,33,38
2013,October,26,4,15,19,27,32,33
2013,October,19,2,14,27,29,34,40
2013,October,12,6,8,30,32,37,39
2013,October,5,1,13,19,20,28,37
2013,November,30,1,4,11,17,31,37
2013,November,23,14,26,28,30,37,40
2013,November,16,4,8,9,18,25,28
2013,November,9,6,9,18,28,30,39
2013,November,2,1,5,12,15,21,29
2013,December,28,6,15,16,18,20,34
2013,December,21,4,7,12,19,20,25
2013,December,14,5,15,20,32,33,39
2013,December,7,3,11,21,25,26,31
2014,January,25,10,26,28,37,38,39
2014,January,18,14,18,23,29,35,37
2014,January,11,10,12,22,30,31,39
2014,January,4,12,14,16,24,26,37
2014,February,22,9,22,24,27,34,40
2014,February,15,8,9,17,19,24,28
2014,February,8,16,17,20,35,37,39
2014,February,1,15,20,27,30,38,39
2014,March,29,4,10,13,19,21,24
2014,March,22,12,16,18,34,35,39
2014,March,15,2,6,11,19,22,36
2014,March,8,3,6,8,18,28,35
2014,March,1,1,9,13,20,31,33
2014,April,26,12,17,18,25,29,31
2014,April,19,3,19,26,28,30,37
2014,April,12,7,10,22,24,29,38
2014,April,5,11,13,16,20,31,33
2014,May,31,7,26,27,32,34,35
2014,May,24,10,14,16,22,24,35
2014,May,17,6,19,23,26,36,40
2014,May,10,3,4,5,9,24,35
2014,May,3,11,20,22,34,36,38
2014,June,28,1,2,3,14,36,38
2014,June,21,2,3,14,17,18,35
2014,June,14,4,8,11,20,39,40
2014,June,7,2,4,7,27,32,33
2014,July,26,13,14,27,31,38,40
2014,July,19,6,8,11,16,29,33
2014,July,12,14,21,30,31,36,37
2014,July,5,2,9,10,12,18,23
2014,August,30,10,15,17,19,35,39
2014,August,23,4,16,20,25,29,37
2014,August,16,2,10,24,26,29,33
2014,August,9,7,14,17,18,25,30
2014,August,2,4,20,22,34,36,37
2014,September,27,15,19,20,28,38,40
2014,September,20,3,22,26,30,33,37
2014,September,13,5,7,14,19,21,27
2014,September,6,3,4,14,17,35,38
2014,October,25,2,9,19,28,31,35
2014,October,18,2,15,27,32,36,40
2014,October,11,4,10,20,24,25,39
2014,October,4,2,11,17,19,26,28
2014,November,29,1,2,5,23,28,39
2014,November,22,3,17,23,28,34,37
2014,November,15,16,23,27,28,34,40
2014,November,8,9,24,25,35,36,39
2014,November,1,3,12,14,26,32,37
2014,December,27,9,10,15,19,24,28
2014,December,20,5,20,22,29,33,37
2014,December,13,8,18,21,28,33,38
2014,December,6,11,14,19,21,23,26
2015,January,31,8,15,16,28,31,32
2015,January,24,8,19,22,24,27,28
2015,January,17,15,19,30,32,35,40
2015,January,10,2,15,19,27,37,39
2015,January,3,4,6,17,27,31,32
2015,February,28,5,6,25,30,31,40
2015,February,21,6,18,21,26,31,39
2015,February,14,1,5,16,20,30,34
2015,February,7,13,14,17,18,39,40
2015,March,28,4,9,14,15,27,33
2015,March,21,5,8,14,17,20,33
2015,March,14,12,13,18,26,34,40
2015,March,7,1,2,6,24,26,30
2015,April,25,10,14,15,20,25,37
2015,April,18,6,15,18,21,23,37
2015,April,11,3,4,19,21,26,33
2015,April,4,1,2,7,9,17,32
2015,May,30,8,10,14,17,33,34
2015,May,23,1,3,9,34,36,37
2015,May,16,1,3,5,31,32,38
2015,May,9,9,22,25,32,33,35
2015,May,2,8,13,27,32,36,37
2015,June,27,8,9,13,18,25,33
2015,June,20,15,18,21,36,37,40
2015,June,13,9,12,17,20,35,38
2015,June,6,1,10,19,29,32,37
2015,July,25,9,15,18,22,36,39
2015,July,18,12,18,19,26,35,37
2015,July,11,8,11,15,17,31,36
2015,July,4,3,7,10,16,18,38
2015,August,29,3,17,31,34,37,39
2015,August,22,1,3,8,20,26,38
2015,August,15,4,12,22,26,35,40
2015,August,8,2,13,18,22,26,39
2015,August,1,6,8,18,19,20,35
2015,September,26,1,18,22,23,26,34
2015,September,19,1,14,15,27,33,39
2015,September,12,16,17,19,24,34,35
2015,September,5,1,11,19,31,35,40
2015,October,31,4,9,20,24,26,37
2015,October,28,14,28,23,15,24,33
2015,October,24,7,12,20,31,34,39
2015,October,21,2,12,13,16,23,31
2015,October,17,1,6,12,24,26,34
2015,October,14,9,15,19,21,26,30
2015,October,10,12,16,23,27,28,30
2015,October,7,3,7,14,23,28,31
2015,October,3,1,17,22,23,26,38
2015,November,28,7,13,17,19,27,29
2015,November,25,12,24,25,27,36,39
2015,November,21,6,15,19,31,35,40
2015,November,18,17,18,19,20,22,40
2015,November,14,3,5,9,10,15,40
2015,November,11,8,12,21,23,29,35
2015,November,7,13,14,16,19,21,39
2015,November,4,10,14,17,18,37,38
2015,December,30,11,19,24,27,36,40
2015,December,26,4,7,16,27,36,38
2015,December,23,1,2,7,13,23,28
2015,December,19,13,14,17,18,20,31
2015,December,16,4,5,14,18,19,21
2015,December,12,1,16,23,25,27,33
2015,December,9,11,13,23,30,34,38
2015,December,5,2,9,12,15,23,25
2015,December,2,5,14,15,18,21,27
2016,January,30,10,14,21,28,29,37
2016,January,27,6,7,11,13,32,34
2016,January,23,2,7,14,16,17,25
2016,January,20,4,12,17,24,28,34
2016,January,16,5,26,33,34,38,40
2016,January,13,3,15,22,28,35,39
2016,January,9,3,8,21,30,31,37
2016,January,6,9,13,27,28,29,40
2016,January,2,1,5,22,24,30,32
2016,February,27,14,15,18,22,30,33
2016,February,24,2,5,17,19,20,29
2016,February,20,5,11,20,22,31,33
2016,February,17,3,10,20,24,30,33
2016,February,13,3,7,8,9,17,35
2016,February,10,11,12,13,17,18,19
2016,February,6,8,28,30,34,36,37
2016,February,3,5,10,11,14,15,18
2016,March,30,12,13,22,23,24,27
2016,March,26,9,12,14,18,35,36
2016,March,23,6,12,16,18,31,37
2016,March,19,1,5,7,12,24,38
2016,March,16,8,9,18,23,37,39
2016,March,12,7,9,12,15,21,25
2016,March,9,9,15,16,17,18,28
2016,March,5,1,5,8,17,29,35
2016,March,2,5,11,21,22,26,35
2016,April,30,11,20,22,23,31,36
2016,April,27,1,12,15,20,29,32
2016,April,23,19,21,24,26,30,37
2016,April,20,2,3,9,12,21,26
2016,April,16,3,4,19,20,28,35
2016,April,13,4,14,15,17,29,36
2016,April,9,1,5,9,22,30,35
2016,April,6,7,22,27,28,36,40
2016,April,2,7,10,13,21,28,31
2016,May,28,6,9,29,32,33,40
2016,May,25,13,19,29,30,32,40
2016,May,21,8,11,24,26,27,37
2016,May,18,14,20,23,25,30,38
2016,May,14,3,6,13,18,34,40
2016,May,11,9,15,22,27,32,40
2016,May,7,12,13,19,25,32,38
2016,May,4,3,13,19,26,39,40
2016,June,29,1,6,7,25,31,32
2016,June,25,15,19,21,24,25,29
2016,June,22,9,10,13,14,25,37
2016,June,18,2,17,23,33,34,36
2016,June,15,8,24,28,30,32,36
2016,June,11,1,2,7,16,17,18
2016,June,8,16,21,24,32,39,40
2016,June,4,7,19,20,32,33,35
2016,June,1,7,12,14,18,31,32
2016,July,30,4,8,15,26,27,29
2016,July,27,3,7,18,20,22,30
2016,July,23,5,6,9,21,25,33
2016,July,20,6,15,25,34,38,39
2016,July,16,8,10,24,26,30,40
2016,July,13,4,14,16,17,22,32
2016,July,9,3,18,27,29,33,37
2016,July,6,1,6,12,14,29,30
2016,July,2,5,6,13,20,28,39
2016,August,31,16,21,28,31,33,37
2016,August,27,4,6,7,9,15,25
2016,August,24,14,15,17,32,38,39
2016,August,20,11,19,27,28,29,36
2016,August,17,2,3,6,10,14,26
2016,August,13,21,22,23,24,26,40
2016,August,10,4,5,11,14,31,36
2016,August,6,8,10,18,23,28,34
2016,August,3,10,15,28,29,33,35
2016,September,28,3,5,15,27,37,38
2016,September,24,11,14,17,27,32,39
2016,September,21,10,11,17,21,31,34
2016,September,17,6,16,22,25,34,40
2016,September,14,3,8,14,18,23,40
2016,September,10,5,10,11,15,18,38
2016,September,7,7,22,29,32,36,39
2016,September,3,18,24,25,27,32,34
2016,October,29,15,19,22,23,30,36
2016,October,26,3,4,6,11,28,29
2016,October,22,17,19,20,21,26,35
2016,October,19,9,18,20,21,28,30
2016,October,15,8,15,20,29,35,39
2016,October,12,1,5,11,12,14,15
2016,October,8,2,19,22,23,28,29
2016,October,5,11,12,24,30,36,37
2016,October,1,7,11,16,23,26,30
2016,November,30,11,26,29,32,33,37
2016,November,26,17,19,23,29,31,36
2016,November,23,1,2,6,7,30,40
2016,November,19,10,13,17,20,23,28
2016,November,16,4,7,11,17,32,37
2016,November,12,4,13,27,32,33,38
2016,November,9,1,3,21,22,29,30
2016,November,5,3,11,16,24,38,40
2016,November,2,2,9,13,25,29,36
2016,December,31,6,8,11,16,21,34
2016,December,28,17,19,22,28,35,36
2016,December,24,3,6,9,25,26,28
2016,December,21,1,5,13,26,30,32
2016,December,17,2,12,22,24,26,31
2016,December,14,10,12,21,24,29,40
2016,December,10,14,19,24,33,35,36
2016,December,7,10,12,19,24,26,34
2016,December,3,5,6,10,15,28,37
2017,January,28,6,8,9,10,17,19
2017,January,25,1,14,22,27,34,36
2017,January,21,3,7,13,20,30,34
2017,January,18,8,13,14,21,25,31
2017,January,14,1,2,11,31,32,38
2017,January,11,9,13,22,29,32,40
2017,January,7,8,16,23,30,37,38
2017,January,4,4,13,16,25,26,27
2017,February,25,25,27,33,34,37,39
2017,February,22,6,14,19,30,34,36
2017,February,18,6,10,14,24,28,35
2017,February,15,3,5,28,29,32,36
2017,February,11,11,15,17,23,30,35
2017,February,8,4,6,25,35,39,40
2017,February,4,2,3,16,17,38,39
2017,February,1,2,13,18,25,31,35
2017,March,29,4,9,15,28,35,38
2017,March,25,4,9,10,24,37,38
2017,March,22,2,11,24,28,29,37
2017,March,18,10,17,23,27,28,33
2017,March,15,1,5,23,32,38,40
2017,March,11,9,11,12,22,32,36
2017,March,8,2,3,4,5,13,36
2017,March,4,1,7,14,25,35,38
2017,March,1,1,11,18,21,22,38
2017,April,29,1,19,25,30,32,36
2017,April,26,12,16,17,25,38,39
2017,April,22,1,9,16,26,33,36
2017,April,19,1,2,11,26,28,34
2017,April,15,2,14,15,24,27,29
2017,April,12,2,13,23,26,27,32
2017,April,8,20,23,30,32,35,39
2017,April,5,1,2,9,11,26,36
2017,April,1,2,19,20,22,25,33
2017,May,31,1,2,5,9,12,36
2017,May,27,2,3,8,9,28,36
2017,May,24,9,17,19,20,32,38
2017,May,20,1,6,14,16,20,31
2017,May,17,9,10,11,12,28,30
2017,May,13,2,3,7,26,31,37
2017,May,10,1,3,4,9,15,33
2017,May,6,4,5,11,23,26,34
2017,May,3,10,11,16,19,24,36
2017,June,28,1,10,18,26,27,40
2017,June,24,11,25,29,34,39,40
2017,June,21,3,17,29,32,36,40
2017,June,17,3,5,6,7,33,37
2017,June,14,3,6,7,13,36,40
2017,June,10,1,7,9,31,35,37
2017,June,7,7,9,16,24,26,39
2017,June,3,13,14,18,23,29,31
2017,July,29,10,13,24,29,33,40
2017,July,26,4,5,12,21,34,40
2017,July,22,2,13,19,25,35,36
2017,July,19,13,14,26,34,35,36
2017,July,15,17,18,21,34,37,40
2017,July,12,5,18,21,26,30,32
2017,July,8,9,10,13,23,25,30
2017,July,5,9,11,19,27,31,39
2017,July,1,4,8,10,12,21,35
2017,August,30,9,12,14,16,17,27
2017,August,26,4,6,11,29,33,35
2017,August,23,4,7,10,25,26,39
2017,August,19,4,17,22,27,28,32
2017,August,16,8,10,14,18,23,32
2017,August,12,2,14,21,23,30,31
2017,August,9,4,7,12,19,32,37
2017,August,5,16,22,29,30,31,35
2017,August,2,1,2,6,8,26,28
2017,September,30,4,16,24,25,32,34
2017,September,27,1,12,15,22,27,34
2017,September,23,6,7,15,19,31,35
2017,September,20,10,16,20,33,35,36
2017,September,16,3,9,15,20,24,37
2017,September,13,10,18,19,21,25,35
2017,September,9,10,13,16,23,29,36
2017,September,6,3,7,25,27,28,30
2017,September,2,10,20,21,22,30,37
2017,October,28,1,9,10,12,23,37
2017,October,25,1,3,19,22,23,25
2017,October,21,5,13,15,22,24,29
2017,October,18,11,13,14,15,22,32
2017,October,14,3,4,7,11,31,38
2017,October,11,4,15,24,29,33,35
2017,October,7,1,12,20,23,25,35
2017,October,4,2,3,5,21,33,37
2017,November,29,5,9,14,17,24,31
2017,November,25,7,22,24,25,34,37
2017,November,22,5,8,12,18,28,36
2017,November,18,11,12,20,28,31,36
2017,November,15,2,7,16,26,32,33
2017,November,11,3,14,18,26,38,39
2017,November,8,8,13,15,17,25,27
2017,November,4,3,5,12,25,28,40
2017,November,1,3,17,19,23,29,39
2017,December,30,1,3,12,20,21,32
2017,December,27,3,15,16,22,28,30
2017,December,23,15,17,19,25,29,38
2017,December,20,1,3,12,14,17,33
2017,December,16,11,19,23,28,30,33
2017,December,13,6,10,11,34,37,39
2017,December,9,4,5,8,15,16,22
2017,December,6,3,7,16,19,21,40
2017,December,2,2,14,15,21,23,32
2018,January,31,5,10,11,16,31,39
2018,January,27,6,8,23,26,29,37
2018,January,24,1,16,20,24,25,28
2018,January,20,1,12,17,20,26,39
2018,January,17,3,15,18,19,22,23
2018,January,13,11,18,29,33,37,39
2018,January,10,1,2,4,8,16,26
2018,January,6,10,13,15,19,33,40
2018,January,3,8,20,21,34,35,38
2018,February,28,3,10,16,18,20,40
2018,February,24,2,16,19,25,32,40
2018,February,21,3,9,11,17,25,31
2018,February,17,29,30,31,35,36,37
2018,February,14,14,23,26,35,36,37
2018,February,10,2,4,5,22,30,33
2018,February,7,11,17,25,29,34,39
2018,February,3,2,11,15,29,30,38
2018,March,31,2,4,6,11,16,23
2018,March,28,1,12,28,34,36,37
2018,March,24,12,15,18,21,22,37
2018,March,21,9,13,14,29,35,38
2018,March,17,15,16,19,24,25,40
2018,March,14,17,18,19,20,24,28
2018,March,10,1,12,14,34,37,40
2018,March,7,3,15,23,25,29,34
2018,March,3,2,12,19,34,35,38
2018,April,28,4,5,11,16,36,40
2018,April,25,3,7,15,23,27,36
2018,April,21,2,9,10,15,27,32
2018,April,18,1,19,20,24,35,39
2018,April,14,3,14,21,25,34,35
2018,April,11,7,16,21,33,34,40
2018,April,7,1,10,13,17,19,23
2018,April,4,1,13,14,15,22,38
2018,May,30,14,18,22,28,29,34
2018,May,26,2,13,17,18,36,37
2018,May,23,1,14,21,23,38,39
2018,May,19,3,6,13,25,31,37
2018,May,16,1,13,14,16,28,29
2018,May,12,4,10,12,33,38,40
2018,May,9,19,20,21,23,25,40
2018,May,5,6,11,16,20,34,40
2018,May,2,2,7,8,25,28,29
2018,June,30,12,16,23,29,31,39
2018,June,27,2,19,22,24,27,34
2018,June,23,4,15,17,18,30,39
2018,June,20,1,4,6,26,27,33
2018,June,16,7,8,14,17,22,34
2018,June,13,9,10,12,18,36,37
2018,June,9,2,3,4,9,20,24
2018,June,6,9,16,23,25,31,32
2018,June,2,5,7,8,12,14,29
2018,July,28,4,10,14,17,21,23
2018,July,25,10,16,18,19,28,35
2018,July,21,1,8,10,12,31,34
2018,July,18,2,5,13,24,33,39
2018,July,14,5,14,17,18,19,33
2018,July,11,15,18,20,22,23,35
2018,July,7,10,15,18,29,30,33
2018,July,4,6,13,21,30,35,38
2018,August,29,2,7,8,12,21,32
2018,August,25,3,4,8,9,13,15
2018,August,22,2,5,10,15,25,28
2018,August,18,7,9,13,23,27,38
2018,August,15,4,12,18,27,33,35
2018,August,11,3,19,25,30,32,38
2018,August,8,14,17,18,20,25,37
2018,August,4,5,16,22,29,32,37
2018,August,1,4,5,21,22,31,34
2018,September,29,15,19,24,29,32,35
2018,September,26,22,23,26,32,36,40
2018,September,22,3,22,25,35,36,38
2018,September,19,3,5,7,9,11,13
2018,September,15,2,7,8,12,15,17
2018,September,12,1,3,8,11,19,36
2018,September,8,18,20,22,24,29,35
2018,September,5,4,12,13,30,33,35
2018,September,1,1,8,18,21,34,36
2018,October,31,10,11,14,15,16,32
2018,October,27,10,12,15,17,18,34
2018,October,24,9,19,24,33,37,39
2018,October,20,4,12,26,28,32,35
2018,October,17,5,10,17,21,26,33
2018,October,13,1,4,5,9,26,34
2018,October,10,2,4,9,12,13,37
2018,October,6,8,13,24,26,29,39
2018,October,3,1,16,28,32,39,40
2018,November,28,18,19,20,30,31,38
2018,November,24,8,21,22,24,25,34
2018,November,21,7,8,22,25,32,40
2018,November,17,3,14,25,27,30,34
2018,November,14,6,8,20,24,27,31
2018,November,10,4,9,10,20,27,30
2018,November,7,1,12,15,22,39,40
2018,November,3,1,7,22,23,29,36
2018,December,29,2,10,11,15,33,35
2018,December,26,3,24,29,30,32,40
2018,December,22,10,15,25,27,28,31
2018,December,19,2,14,22,23,30,37
2018,December,15,5,7,18,22,29,40
2018,December,12,3,20,29,30,32,37
2018,December,8,2,8,12,16,18,38
2018,December,5,1,5,18,23,24,25
2018,December,1,6,25,26,30,34,39
2019,January,30,2,17,22,25,38,40
2019,January,26,13,19,27,31,35,37
2019,January,23,3,10,11,13,31,40
2019,January,19,1,12,17,24,32,33
2019,January,16,3,8,21,22,30,35
2019,January,12,4,6,18,19,24,40
2019,January,9,4,6,11,12,23,40
2019,January,5,2,4,20,23,24,34
2019,January,2,11,15,22,31,35,39
2019,February,27,1,9,31,32,36,38
2019,February,23,13,31,33,36,38,40
2019,February,20,1,7,20,22,23,28
2019,February,16,1,2,27,35,36,40
2019,February,13,2,5,6,26,27,31
2019,February,9,1,4,24,25,26,37
2019,February,6,6,8,14,15,26,31
2019,February,2,9,17,19,20,29,33
2019,March,30,2,3,9,13,18,21
2019,March,27,5,7,10,13,17,37
2019,March,23,10,21,23,24,27,36
2019,March,20,10,12,21,23,30,33
2019,March,16,3,11,18,21,32,37
2019,March,13,7,8,14,23,31,39
2019,March,9,7,20,25,28,32,34
2019,March,6,4,7,16,21,32,36
2019,March,2,8,9,12,14,15,19
2019,April,27,4,8,22,24,29,37
2019,April,24,16,19,20,31,35,38
2019,April,20,1,10,21,32,37,39
2019,April,17,9,18,21,27,34,35
2019,April,13,1,8,10,18,26,28
2019,April,10,17,22,31,32,33,40
2019,April,6,10,11,14,22,28,40
2019,April,3,7,10,12,30,35,38
2019,May,29,8,10,20,26,30,40
2019,May,25,2,10,23,30,35,37
2019,May,22,2,3,12,14,16,28
2019,May,18,9,10,12,20,24,25
2019,May,15,5,13,14,21,27,37
2019,May,11,2,3,16,19,20,39
2019,May,8,7,8,9,11,19,28
2019,May,4,4,27,29,34,36,37
2019,May,1,7,16,17,32,37,38
2019,June,29,7,10,18,19,20,37
2019,June,26,15,29,30,32,38,39
2019,June,22,7,10,12,14,26,37
2019,June,19,4,11,19,30,31,33
2019,June,15,6,15,25,27,28,35
2019,June,12,2,6,7,8,23,39
2019,June,8,6,10,22,25,27,36
2019,June,5,5,17,26,27,28,39
2019,June,1,1,19,22,30,33,37
2019,July,31,4,10,16,22,25,40
2019,July,27,1,4,6,17,19,21
2019,July,24,6,22,23,25,27,32
2019,July,20,4,5,13,22,24,28
2019,July,17,1,10,16,18,26,27
2019,July,13,7,10,16,28,33,36
2019,July,10,5,12,28,33,35,38
2019,July,6,2,5,17,31,33,37
2019,July,3,1,15,22,31,38,39
2019,August,31,2,4,5,24,30,37
2019,August,28,4,15,19,23,24,25
2019,August,24,2,4,6,17,22,35
2019,August,21,6,8,15,17,21,23
2019,August,17,1,6,10,12,29,32
2019,August,14,15,19,23,31,35,40
2019,August,10,8,12,17,23,31,34
2019,August,7,3,7,11,24,25,40
2019,August,3,7,17,30,31,34,39
2019,September,28,5,13,15,36,37,39
2019,September,25,3,5,15,21,22,31
2019,September,21,7,14,19,23,32,34
2019,September,18,7,11,19,21,26,36
2019,September,14,6,13,15,22,26,34
2019,September,11,7,8,13,24,32,38
2019,September,7,1,7,20,29,31,38
2019,September,4,4,6,20,22,30,39
2019,October,30,5,7,10,11,36,39
2019,October,26,8,12,16,19,20,24
2019,October,23,2,3,20,24,26,39
2019,October,19,6,12,21,28,35,38
2019,October,16,5,7,14,17,22,29
2019,October,12,19,23,25,27,30,40
2019,October,9,5,15,22,27,29,38
2019,October,5,8,9,16,20,33,36
2019,October,2,3,4,6,22,25,32
2019,November,30,12,18,26,33,35,39
2019,November,27,1,4,9,22,26,28
2019,November,23,16,17,20,22,28,29
2019,November,20,1,2,11,17,30,35
2019,November,16,13,18,19,32,33,39
2019,November,13,2,9,10,17,22,31
2019,November,9,6,7,11,23,29,37
2019,November,6,1,7,9,10,15,19
2019,November,2,13,16,21,23,27,35
2019,December,28,6,10,16,24,28,34
2019,December,25,6,13,15,16,35,38
2019,December,21,7,9,14,18,20,34
2019,December,18,6,19,21,24,32,34
2019,December,14,19,21,23,34,35,39
2019,December,11,2,7,11,16,28,39
2019,December,7,6,9,23,25,26,27
2019,December,4,1,8,15,16,22,30
2020,January,29,10,21,26,27,28,31
2020,January,25,10,11,19,24,28,34
2020,January,22,1,14,29,35,36,39
2020,January,18,1,5,20,24,34,37
2020,January,15,4,6,21,29,32,35
2020,January,11,9,13,16,26,33,40
2020,January,8,2,4,6,23,24,25
2020,January,4,6,7,12,17,24,33
2020,January,1,14,23,33,34,38,40
2020,February,29,4,18,25,27,28,32
2020,February,26,2,3,8,21,30,33
2020,February,22,8,15,22,36,39,40
2020,February,19,12,16,24,25,31,35
2020,February,15,2,4,10,17,29,31
2020,February,12,2,11,20,21,25,32
2020,February,8,12,13,14,15,24,38
2020,February,5,2,3,6,15,31,40
2020,February,1,16,20,22,24,30,32
2020,March,28,2,3,19,35,37,39
2020,March,25,7,8,10,17,21,27
2020,March,21,9,16,18,19,20,28
2020,March,18,2,12,18,20,28,36
2020,March,14,9,13,22,23,25,36
2020,March,11,8,13,21,22,29,40
2020,March,7,7,14,20,23,26,39
2020,March,4,5,14,30,36,39,40
2020,April,29,11,16,23,24,29,33
2020,April,25,5,12,19,22,25,38
2020,April,22,5,7,8,16,31,33
2020,April,18,1,4,6,8,11,19
2020,April,15,3,15,17,22,26,29
2020,April,11,8,17,23,25,27,28
2020,April,8,5,11,20,25,26,40
2020,April,4,6,10,11,13,20,30
2020,April,1,8,21,25,28,32,35
2020,May,30,2,4,12,13,15,28
2020,May,27,1,9,20,29,31,34
2020,May,23,10,12,14,28,32,35
2020,May,20,8,19,32,36,38,39
2020,May,16,10,15,20,26,31,34
2020,May,13,5,6,18,20,29,33
2020,May,9,7,15,22,27,29,38
2020,May,6,1,9,12,23,36,39
2020,May,2,6,7,9,22,24,38
2020,June,27,4,8,20,29,31,35
2020,June,24,4,29,34,35,39,40
2020,June,20,2,3,10,11,29,35
2020,June,17,2,24,32,35,36,38
2020,June,13,2,8,17,18,27,29
2020,June,10,6,11,12,15,17,22
2020,June,6,6,10,11,12,25,39
2020,June,3,2,29,30,33,35,40
2020,July,29,6,21,28,36,37,40
2020,July,25,10,11,12,28,38,40
2020,July,22,4,10,18,20,30,40
2020,July,18,1,9,10,16,22,23
2020,July,15,10,11,16,19,29,34
2020,July,11,8,16,18,21,29,40
2020,July,8,14,15,24,31,32,37
2020,July,4,2,6,7,23,25,30
2020,July,1,1,15,22,25,35,39
2020,August,29,8,14,19,20,23,37
2020,August,26,7,13,15,18,32,40
2020,August,22,20,24,26,36,37,39
2020,August,19,13,25,26,30,31,37
2020,August,15,8,12,21,22,23,27
2020,August,12,10,16,25,29,32,34
2020,August,8,4,7,11,16,23,28
2020,August,5,5,9,19,20,22,24
2020,August,1,7,16,22,24,31,34
2020,September,30,12,16,25,29,35,39
2020,September,26,1,3,9,11,23,37
2020,September,23,1,4,11,17,18,24
2020,September,19,6,7,17,26,34,40
2020,September,16,11,17,18,25,29,37
2020,September,12,1,3,17,23,32,35
2020,September,9,1,5,15,21,24,36
2020,September,5,5,10,14,18,24,30
2020,September,2,8,15,17,19,20,27
2020,October,31,3,19,22,26,28,39
2020,October,28,12,17,28,35,37,40
2020,October,24,11,12,13,19,22,36
2020,October,21,1,6,18,26,38,40
2020,October,17,14,19,20,22,23,40
2020,October,14,1,5,16,21,31,34
2020,October,10,1,5,20,31,32,33
2020,October,7,6,19,23,29,39,40
2020,October,3,2,9,23,30,32,39
2020,November,28,3,10,13,22,27,37
2020,November,25,2,3,14,29,30,35
2020,November,21,5,6,7,15,19,36
2020,November,18,21,23,24,27,30,38
2020,November,14,10,23,26,29,39,40
2020,November,11,3,4,13,17,26,35
2020,November,7,1,14,16,20,24,31
2020,November,4,5,12,21,22,25,39
2020,December,30,2,5,9,24,26,28
2020,December,26,1,7,11,16,21,38
2020,December,23,19,25,26,27,34,38
2020,December,19,5,16,31,37,39,40
2020,December,16,2,10,12,17,19,26
2020,December,12,1,5,9,18,21,35
2020,December,9,17,20,22,27,29,34
2020,December,5,1,4,10,14,15,20
2020,December,2,2,4,6,25,30,40
2021,January,30,1,11,18,20,29,34
2021,January,27,10,15,17,23,28,29
2021,January,23,4,6,16,20,30,40
2021,January,20,5,6,9,11,17,38
2021,January,16,2,13,17,18,19,30
2021,January,13,17,25,26,35,37,38
2021,January,9,11,14,17,28,30,34
2021,January,6,1,6,16,18,23,32
2021,January,2,4,15,20,29,36,39
2021,February,27,15,23,26,32,38,40
2021,February,24,7,24,26,31,36,38
2021,February,20,7,10,16,19,29,30
2021,February,17,15,16,25,26,31,33
2021,February,13,1,8,16,18,20,27
2021,February,10,8,19,20,24,26,40
2021,February,6,2,3,8,10,11,38
2021,February,3,1,19,24,26,32,37
2021,March,31,9,10,11,33,34,35
2021,March,27,6,25,31,32,33,34
2021,March,24,2,13,17,20,27,33
2021,March,20,1,11,17,23,31,40
2021,March,17,3,4,10,15,20,33
2021,March,13,1,7,11,19,22,26
2021,March,10,3,6,11,15,17,22
2021,March,6,1,6,11,17,18,35
2021,March,3,3,9,20,22,26,39
2021,April,28,6,7,18,23,35,40
2021,April,24,4,5,21,26,31,36
2021,April,21,1,18,23,33,37,38
2021,April,17,1,8,22,24,35,40
2021,April,14,1,9,12,16,21,23
2021,April,10,6,23,24,28,30,35
2021,April,7,6,10,15,22,29,31
2021,April,3,8,15,16,21,25,34
2021,May,29,2,10,16,31,35,38
2021,May,26,7,13,16,30,31,39
2021,May,22,19,21,23,36,38,39
2021,May,19,1,11,16,22,30,34
2021,May,15,6,8,17,25,26,31
2021,May,12,2,3,26,29,32,35
2021,May,8,6,17,26,29,34,35
2021,May,5,2,9,21,25,26,38
2021,May,1,7,20,25,30,31,33
2021,June,30,1,8,9,13,22,35
2021,June,26,1,2,6,11,26,32
2021,June,23,8,17,18,26,27,38
2021,June,19,12,13,23,27,30,31
2021,June,16,17,22,25,26,35,39
2021,June,12,4,12,15,18,24,36
2021,June,9,3,6,18,21,29,35
2021,June,5,17,19,26,29,32,39
2021,June,2,3,4,10,14,37,38
2021,July,31,6,8,23,29,34,40
2021,July,28,6,8,9,10,20,30
2021,July,24,7,9,10,14,24,35
2021,July,21,5,7,28,29,33,38
2021,July,17,3,5,8,11,32,36
2021,July,14,6,12,13,19,21,38
2021,July,10,7,14,19,22,25,26
2021,July,7,3,8,14,15,30,31
2021,July,3,4,5,12,21,22,40
2021,August,28,6,22,26,28,29,39
2021,August,25,11,12,29,33,34,38
2021,August,21,4,12,14,18,23,24
2021,August,18,1,5,18,23,32,40
2021,August,14,10,23,24,29,35,38
2021,August,11,3,7,10,18,25,29
2021,August,7,9,11,13,14,17,27
2021,August,4,13,26,28,30,34,39
2021,September,29,12,23,25,33,38,40
2021,September,25,5,16,19,23,33,40
2021,September,22,8,11,21,23,28,34
2021,September,18,6,15,18,19,21,32
2021,September,15,14,19,22,24,28,37
2021,September,11,4,14,17,21,23,35
2021,September,8,3,27,33,35,36,37
2021,September,4,8,10,12,26,33,35
2021,September,1,2,10,18,25,27,30
2021,October,30,5,7,8,17,21,40
2021,October,27,27,28,31,32,36,38
2021,October,23,12,13,18,21,26,32
2021,October,20,2,3,4,7,19,31
2021,October,16,2,7,19,28,32,40
2021,October,13,5,19,21,28,30,39
2021,October,9,1,5,13,28,33,37
2021,October,6,9,21,22,32,35,37
2021,October,2,8,9,10,14,23,38
2021,November,27,8,17,20,26,31,37
2021,November,24,2,4,6,13,20,36
2021,November,20,2,3,4,17,24,28
2021,November,17,6,7,10,30,34,39
2021,November,13,6,16,18,25,30,39
2021,November,10,9,12,18,21,37,40
2021,November,6,5,18,20,26,31,37
2021,November,3,10,15,17,25,33,35
2021,December,29,5,7,12,13,39,40
2021,December,25,1,3,5,11,12,38
2021,December,22,12,17,18,29,35,36
2021,December,18,3,4,6,13,14,17
2021,December,15,4,9,19,23,27,29
2021,December,11,15,20,24,31,34,36
2021,December,8,5,10,12,28,32,36
2021,December,4,2,9,21,24,29,39
2021,December,1,6,10,11,15,28,31
2022,January,29,12,16,19,25,29,36
2022,January,26,6,15,25,34,36,38
2022,January,22,2,4,11,13,25,27
2022,January,19,2,4,11,13,23,32
2022,January,15,13,17,20,21,30,34
2022,January,12,8,13,20,24,25,32
2022,January,8,14,15,16,23,24,38
2022,January,5,9,15,17,32,37,38
2022,January,1,3,6,19,20,23,29
2022,February,26,1,20,21,26,27,36
2022,February,23,10,12,17,27,29,30
2022,February,19,6,14,17,24,29,32
2022,February,16,5,7,33,34,38,40
2022,February,12,8,11,15,27,32,33
2022,February,9,3,12,22,31,34,35
2022,February,5,5,11,12,22,33,39
2022,February,2,9,16,25,29,32,39
2022,March,30,4,5,6,15,22,40
2022,March,26,2,5,11,20,23,25
2022,March,23,1,5,16,23,24,39
2022,March,19,17,20,23,30,31,40
2022,March,16,4,11,14,15,24,35
2022,March,12,5,22,23,26,28,34
2022,March,9,5,13,15,16,28,39
2022,March,5,5,6,12,18,25,27
2022,March,2,3,6,16,23,32,38
2022,April,30,2,6,15,22,29,38
2022,April,27,12,16,19,24,25,37
2022,April,23,3,13,19,23,30,32
2022,April,20,3,4,15,17,19,34
2022,April,16,4,21,22,23,30,37
2022,April,13,4,5,31,32,39,40
2022,April,9,4,13,27,28,35,36
2022,April,6,7,10,27,31,37,38
2022,April,2,2,9,17,18,30,38
2022,May,28,10,13,17,26,30,31
2022,May,25,1,3,14,20,29,33
2022,May,21,12,15,19,28,39,40
2022,May,18,1,7,23,29,31,37
2022,May,14,3,5,7,18,31,35
2022,May,11,21,22,25,28,33,37
2022,May,7,5,14,16,24,31,39
2022,May,4,5,19,21,26,28,31
2022,June,29,7,10,25,27,28,29
2022,June,25,4,20,33,37,39,40
2022,June,22,2,5,9,22,29,34
2022,June,18,6,13,15,17,33,38
2022,June,15,9,12,21,22,25,35
2022,June,11,3,4,5,21,24,40
2022,June,8,10,11,17,19,32,36
2022,June,4,5,10,19,30,31,36
2022,June,1,2,5,6,9,25,35
2022,July,16,3,16,18,30,31,34
2022,July,13,2,3,6,9,15,40
2022,July,9,2,22,23,24,32,38
2022,July,6,10,24,28,31,35,38
2022,July,2,4,7,23,26,27,33
2022,August,31,8,13,14,24,31,33
2022,August,27,12,21,30,32,35,39
2022,August,24,6,18,24,29,30,34
2022,September,28,1,3,6,20,31,37
2022,September,24,7,15,23,25,26,27
2022,September,21,8,13,24,27,28,35
2022,September,17,3,9,12,34,37,38
2022,September,14,4,5,18,27,31,34
2022,September,10,2,10,14,17,21,33
2022,September,7,5,12,19,21,26,38
2022,September,3,12,16,19,24,38,39
2022,October,29,17,20,26,32,33,39
2022,October,26,7,15,21,22,29,39
2022,October,22,6,9,15,29,33,34
2022,October,19,10,12,17,25,30,32
2022,October,15,2,4,8,10,15,33
2022,October,12,9,15,22,27,37,39
2022,October,8,4,10,12,25,31,40
2022,October,5,2,8,9,16,25,34
2022,October,1,4,16,29,31,32,33
2022,November,30,4,8,10,12,21,28
2022,November,26,3,5,27,29,31,38
2022,November,23,14,15,16,20,29,39
2022,November,19,4,6,12,23,26,27
2022,November,16,2,13,23,24,34,40
2022,November,12,13,22,25,26,37,40
2022,November,9,10,11,20,24,26,32
2022,November,5,12,17,18,22,25,27
2022,November,2,12,20,22,24,28,31
2022,December,31,13,19,23,33,34,36
2022,December,28,1,3,11,27,33,37
2022,December,24,2,3,4,19,30,31
2022,December,21,7,14,18,26,34,37
2022,December,17,8,10,20,21,24,33
2022,December,14,9,22,26,31,32,33
2022,December,10,5,7,9,19,24,36
2022,December,7,8,9,13,23,25,40
2022,December,3,1,9,12,19,21,33
2023,January,28,13,16,17,22,27,28
2023,January,25,5,11,12,18,24,30
2023,January,21,4,19,28,35,37,40
2023,January,18,1,4,7,23,28,35
2023,January,14,5,20,28,29,32,38
2023,January,11,9,10,18,22,24,33
2023,January,7,1,3,7,15,24,30
2023,January,4,5,9,13,16,23,25
2023,February,25,14,18,22,28,30,32
2023,February,22,1,2,23,25,30,31
2023,February,18,4,5,16,20,22,33
2023,February,15,7,24,26,27,28,39
2023,February,11,5,14,28,32,34,36
2023,February,8,2,10,15,18,24,29
2023,February,4,11,13,19,21,36,40
2023,February,1,1,3,9,11,31,39
2023,March,29,14,23,24,35,36,37
2023,March,25,4,5,8,19,28,31
2023,March,22,7,16,29,32,33,38
2023,March,18,4,11,17,27,37,38
2023,March,15,3,4,5,24,33,39
2023,March,11,6,19,26,28,37,39
2023,March,8,1,2,9,17,23,39
2023,March,4,11,19,21,25,34,35
2023,March,1,14,15,17,26,34,35
2023,April,29,4,8,25,27,36,40
2023,April,26,3,15,23,29,36,40
2023,April,22,1,12,13,18,21,34
2023,April,19,2,3,13,25,27,33
2023,April,15,1,2,19,23,29,35
2023,April,12,1,10,12,19,28,35
2023,April,8,12,24,31,34,36,37
2023,April,5,5,14,17,25,28,38
2023,April,1,7,10,18,20,33,40
2023,May,31,3,11,14,18,21,25
2023,May,27,4,15,17,21,22,29
2023,May,24,5,17,28,30,33,38
2023,May,20,14,31,32,37,38,40
2023,May,17,2,12,13,20,23,38
2023,May,13,7,16,17,18,19,34
2023,May,10,4,20,22,31,35,38
2023,May,6,8,10,15,18,25,27
2023,May,3,8,11,20,30,33,39
2023,June,28,4,5,8,15,31,33
2023,June,24,6,7,21,22,23,40
2023,June,21,4,8,10,16,28,32
2023,June,17,2,10,13,17,19,21
2023,June,14,2,3,9,18,22,37
2023,June,10,2,10,15,23,24,40
2023,June,7,6,15,24,30,34,37
2023,June,3,3,4,6,19,25,29
2023,July,29,4,10,13,18,21,34
2023,July,26,17,19,23,25,27,37
2023,July,22,3,4,12,22,24,25
2023,July,19,6,20,23,28,35,38
2023,July,15,7,11,15,21,24,34
2023,July,12,8,22,29,34,36,37
2023,July,8,6,8,10,18,25,32
2023,July,5,4,7,26,29,36,38
2023,July,1,9,23,24,25,30,34
2023,August,30,9,17,22,30,36,40
2023,August,26,22,23,26,30,36,39
2023,August,23,1,14,15,17,18,24
2023,August,19,5,18,26,28,31,39
2023,August,16,7,17,19,29,36,38
2023,August,12,15,19,20,23,31,33
2023,August,9,4,13,14,34,35,40
2023,August,5,18,23,24,26,28,32
2023,August,2,6,23,25,27,28,32
2023,September,30,1,21,22,27,29,31
2023,September,27,3,6,9,11,19,27
2023,September,23,15,25,27,28,37,40
2023,September,20,4,12,27,29,37,38
2023,September,16,5,13,20,32,34,35
2023,September,13,1,2,16,21,33,40
2023,September,9,4,8,17,24,32,37
2023,September,6,13,22,25,26,32,36
2023,September,2,1,5,6,20,36,39
2023,October,28,2,14,22,24,35,36
2023,October,25,9,10,20,21,26,35
2023,October,21,8,13,26,29,33,40
2023,October,18,6,11,13,28,36,40
2023,October,14,4,6,9,12,20,36
2023,October,11,1,7,12,14,19,31
2023,October,7,5,25,28,34,36,38
2023,October,4,8,13,14,19,23,26
2023,November,29,2,3,5,9,14,36
2023,November,25,13,16,31,33,35,37
2023,November,22,3,9,16,19,25,34
2023,November,18,7,11,12,27,33,39
2023,November,15,7,12,17,19,34,36
2023,November,11,5,19,23,31,39,40
2023,November,8,2,3,11,20,25,39
2023,November,4,10,11,12,23,24,25
2023,November,1,2,6,13,26,28,32
2023,December,30,10,15,17,25,33,38
2023,December,27,4,7,9,13,16,21
2023,December,23,12,14,30,35,38,40
2023,December,20,2,15,26,37,38,40
2023,December,16,1,7,23,31,35,37
2023,December,13,4,10,21,24,34,40
2023,December,9,4,16,22,24,27,30
2023,December,6,17,23,27,34,36,40
2023,December,2,1,16,18,33,34,36
